packet,display_order,sample_id,caption_id,image_id,official_split,veracity,caption,relation_label,evidence_channel,annotator_confidence,notes
pilot_seed42,1,7,1019612,1040812,person_sbert_text_text,falsified,Amir Khan delivers another blow on the way to beating Devon Alexander on Saturday,contradiction,visible_conflict,medium,"The image shows a press-conference face-off, with suits and a promotional banner, and no punch being thrown, which conflicts with 'delivers another blow' during a bout. Channel: the press-conference scene visibly conflicts with the in-fight punch claim (the original is the Khan-Garcia press conference)."
pilot_seed42,2,189,1197349,1197349,semantics_clip_text_image,pristine,Lessons in Posing Subjects Standard Pose 1 1982 All images Robert HeineckenThe Robert Heinecken Trust,entailment,n/a,medium,"Four Polaroid test shots show women in standard arms-behind-head poses, consistent with 'Lessons in Posing Subjects Standard Pose'."
pilot_seed42,3,134,288231,288231,semantics_clip_text_text,pristine,Oklahoma guard Jordan Woodard tries to pass around Villanova defender Josh Hart during the first half,entailment,n/a,high,"An Oklahoma number 10 guard holds the ball up against a Villanova defender, matching the described play."
pilot_seed42,4,21,138367,259632,person_sbert_text_text,falsified,From behind a teleprompter US President Barack Obama pauses while speaking at the Global Health Security Agenda Summit at the White House in Washington September 26 2014 REUTERSKevin Lamarque,neutral,event_provenance,medium,"The image is a close-up of Obama pausing and touching his eye while speaking; the venue and summit cannot be verified from the image, and this generic briefing-room close-up cannot confirm the named summit and date. Channel: same speaker, different occasion (the original is his Sandy Hook remarks, not the 2014 health summit)."
pilot_seed42,5,187,254994,254994,person_sbert_text_text,pristine,Britain s Andy Murray returns against France s Jeremy Chardy,neutral,n/a,medium,"Andy Murray is mid-return on a clay court; the opponent is not visible, and Murray's identity is taken as claimed (identity is not second-guessed at this stage). On the stricter review pass, the named opponent (Chardy) is not visible; this is a generic clay-court return."
pilot_seed42,6,52,321571,180188,person_sbert_text_text,falsified,Sen Bernie Sanders and his wife Jane acknowledge the crowd as he arrives for his caucus night rally in Des Moines on Feb 1 2016,neutral,event_provenance,medium,"The image shows a Sanders campaign crowd with 'A Future to Believe In' signs, but Sanders and Jane are not visible in the frame. Channel: it is a Sanders crowd but a different election night (the original is the Vermont primary on March 1, not the Iowa caucus on February 1)."
pilot_seed42,7,132,621084,621084,semantics_clip_text_text,pristine,House speaker John Boehner last week said there was no threat of a government shutdown,neutral,n/a,high,This is a headshot of Boehner at a press conference. What he said cannot be verified from the image alone.
pilot_seed42,8,13,1667951,306268,semantics_clip_text_image,falsified,Dale Lindley said Sophie loved her bike and often rode it to school,neutral,external_knowledge,medium,"The image shows a painted rock outside a school building; nothing about Sophie or a bike is visible, and there is no direct conflict. Channel: the photo belongs to an unrelated story, and spotting this needs the outside knowledge that it shows Justin Shults's school, not Sophie's."
pilot_seed42,9,27,1665305,598641,semantics_clip_text_text,falsified,Rachel Evan Wood stars as Kate Winslet onscreen daughter in Mildred Pierce,neutral,external_knowledge,medium,"The image shows a pale red-headed figure in period styling. Distinguishing the actor and production needs face and film knowledge, and the named film cannot be pinned down; since fine-grained knowledge is not a visible conflict, the relation label is neutral. Channel: the film and actor are swapped (the original is Redmayne in The Danish Girl); the scene itself is compatible, so film and actor knowledge is needed."
pilot_seed42,10,42,587410,1521329,semantics_clip_text_text,falsified,Pope Francis places his hands on a plaque at the Memorial to Victims of Terror in Jerusalem,contradiction,visible_conflict,high,"The man at the plaque is visibly Vladimir Putin (with Shimon Peres), not Pope Francis, and no papal dress is visible. Channel: no papal figure is visible, and the suited man (Putin) directly conflicts with the 'Pope Francis' claim."
pilot_seed42,11,26,360148,940316,scene_resnet_place,falsified,Used cars are submerged in floodwater along US 70W in Kinston NC Oct 12 2016 as the Neuse River continues to rise,neutral,event_provenance,high,"The aerial view of rows of cars submerged in brown floodwater strongly supports the claim, but the exact road and date cannot be verified from the image alone, and the generic flooded car park cannot be pinned to the named road, city, and date. Channel: the flooded-cars scene is from a different flood (the original is Rocklea, Brisbane, not Kinston, North Carolina)."
pilot_seed42,12,135,1136596,1136596,semantics_clip_text_text,pristine,A water vole at a reintroduction scheme taken by Terry Whittaker which has won the 2020 Vision Special award,entailment,n/a,high,"A water vole is perched on vegetation in the water. The award detail cannot be checked from the image, but the subject matches the caption."
pilot_seed42,13,160,643590,643590,scene_resnet_place,pristine,The Duke and Duchess of Cambridge depart St Mary s Hospital with their newborn daughter,neutral,n/a,medium,"A newborn in a white bonnet and shawl is consistent with a hospital-departure photo, but the Duke and Duchess themselves are not in the frame. On the stricter review pass, the named royals are not in the frame; only a newborn is visible."
pilot_seed42,14,128,1562096,1562096,semantics_clip_text_text,pristine,Steve Jobs ran Apple and Pixar,neutral,n/a,high,"The photo shows Steve Jobs, but the claim that he ran Apple and Pixar is a biographical fact that cannot be verified from the image alone."
pilot_seed42,15,124,884368,884368,person_sbert_text_text,pristine,Adam Lallana prepares to kick off with Philippe Coutinho,entailment,n/a,high,The image shows Liverpool number 20 (Lallana) standing over the ball at kickoff with Coutinho beside him.
pilot_seed42,16,32,1537169,1599091,scene_resnet_place,falsified,Following protests Essar lost its coal mining bid in central India,contradiction,visible_conflict,medium,"The sign in the image reads RSA where the claim names the company Essar; a mismatch in readable text counts as a visible conflict, so the relation label is contradiction. Channel: the readable RSA logo directly conflicts with the Essar claim."
pilot_seed42,17,173,57250,57250,semantics_clip_text_text,pristine,Texas Gov Rick Perry eats a hamburger containing the beef product known as pink slime or lean finely textured beef after a news conference in South Sioux City Neb,entailment,n/a,high,"Rick Perry, in a suit, is visibly biting into a hamburger, matching the claim."
pilot_seed42,18,9,295049,1652548,semantics_clip_text_text,falsified,Amazon s Kindle Paperwhite is among the best Mother s Day gadget deals you ll find,contradiction,visible_conflict,medium,"The device shown is a DATAWIND-branded Android tablet with a colour app grid, visibly not a Kindle Paperwhite e-reader. Channel: the Datawind Android tablet is visibly not a Kindle Paperwhite."
pilot_seed42,19,168,304063,304063,person_sbert_text_text,pristine,President Obama participates in a panel discussion during a National Rx Drug Abuse Summit in Atlanta on March 29 2016,neutral,n/a,medium,"Obama sits gesturing at a discussion event with flags, consistent with a panel discussion, but the venue cannot be verified. On the stricter review pass, the named summit, city, and date are unverifiable; this is a generic panel scene."
pilot_seed42,20,107,1628297,1628297,scene_resnet_place,pristine,This original design of the London Velopark does look like a Pringle Other potato snacks are available,entailment,n/a,medium,"The image is an architectural rendering of a velodrome with a saddle-shaped, Pringle-like roof, which supports the claim."
pilot_seed42,21,81,100169,112010,semantics_clip_text_text,falsified,Trump on Cruz s convention speech That s dishonorable,neutral,event_provenance,high,"The image is a debate-arena shot of moderators and the crowd; Trump is not in the frame, and the quoted remark cannot be verified from the image alone. Channel: the photo is from a Fox primary debate (the original event), a different event from the comment about Cruz's convention speech."
pilot_seed42,22,122,201945,201945,semantics_clip_text_image,pristine,Rick Santorum won Iowa in 2012,neutral,n/a,high,The image is a close-up of Rick Santorum; the 2012 Iowa result is external knowledge and not visible in the image.
pilot_seed42,23,87,1086703,851029,semantics_clip_text_text,falsified,Mark Cavendish celebrates after crossing the line first on the fifth stage of the Tour de France,contradiction,visible_conflict,high,"The podium backdrop clearly reads PARIS NICE, with LCL branding, not the Tour de France, and the rider appears to be a Sky rider, not Cavendish. Channel: the readable PARIS NICE podium branding conflicts with the Tour de France claim (the original is Thomas at Paris-Nice)."
pilot_seed42,24,12,462570,1574581,semantics_clip_text_text,falsified,Pope Francis is greeted by the head of Armenia s Orthodox Church Karekin II during an ArmenianRite mass at the Vatican on 12 April,contradiction,visible_conflict,high,"The image shows Vladimir Putin beside a rabbi lighting candles, visibly not Pope Francis or an Armenian-rite mass. Channel: no pope is visible, and Putin with a rabbi (originally a Moscow ceremony) conflicts with the claim of a papal mass."
pilot_seed42,25,139,667122,667122,semantics_clip_text_image,pristine,Liverpool s latest signing Joe Gomez made 16 starts for Charlton last season having made his debut soon after his 17th birthday,neutral,n/a,medium,"A young player wears a red number 3 kit consistent with Charlton, but the count of starts and the other biographical content cannot be verified from the image."
pilot_seed42,26,97,1542413,445537,semantics_clip_text_text,falsified,Mandela said he felt like a young boy of 15 on hearing South Africa had won its World Cup bid,neutral,external_knowledge,medium,"The image shows a man in an Arsenal training jacket. Ruling him out as Mandela requires knowing what Mandela looked like, which is not admissible grounds for a contradiction, and the quote cannot be checked. Channel: the pictured man is Wenger (per the original caption), and detecting the swap needs knowledge of the person's appearance."
pilot_seed42,27,195,807031,807031,semantics_clip_text_image,pristine,Shout out to Andy Murray who cruised into the third round with a commanding 61 61 64 victory over a disappointing Robin Haase,neutral,n/a,medium,"Murray is screaming on a grass court, which could be either celebration or frustration; the match result is not visible."
pilot_seed42,28,103,481104,481104,semantics_clip_text_text,pristine,Harry Lloyd as Viserys Targaryen in Game of Thrones,neutral,n/a,medium,"The image shows a single actor in a distinctive costume. Identifying the role or show amounts to recognizing the work, which is not admissible; even taking the actor's identity as claimed, the pool of photos of Lloyd in costume roles still varies. Reviewed under the final ruleset."
pilot_seed42,29,121,343804,343804,person_sbert_text_text,pristine,Republican presidential candidate Donald Trump speaks in Boynton Beach Fla Monday Oct 24 2016,entailment,n/a,medium,"The image shows Trump speaking at a rally before a readable TRUMP/PENCE backdrop, so the subject is anchored by text, and the rally speech is depicted; the city and date are side details beyond what the image can show. This follows the symmetric-admissibility rule for claims with a readable anchor."
pilot_seed42,30,157,107127,107127,semantics_clip_text_image,pristine,Former Pocomoke City police chief Kelvin Sewell has been indicted for misconduct six months after filing a federal racial discrimination lawsuit,neutral,n/a,high,"This is a portrait of an unnamed man in a polo shirt. The indictment claim cannot be verified from the image, and the person's identity is taken as claimed (identity is not second-guessed at this stage)."
pilot_seed42,31,109,1572832,1572832,scene_resnet_place,pristine,Iraqis have been fleeing the Syrian capital Damascus Some say they were threatened others advised to get out,neutral,n/a,medium,"The image shows a hand against a cracked bus window with curtains; it is evocative of flight, but nothing identifies Damascus or Iraqis."
pilot_seed42,32,155,214752,214752,semantics_clip_text_image,pristine,Aug 15 Twins pinchhitter Chris Hermann singled in pinchrunner Doug Bernier in the bottom of the ninth against the White Sox to close a 43 win,neutral,n/a,medium,"Twins players (Mauer's number 7 is visible) mob a teammate in a walk-off celebration, matching the described win, but the specifics cannot be checked. On the stricter review pass, this specific dated game cannot be pinned down; it is a generic walk-off celebration."
pilot_seed42,33,44,631398,1686147,person_sbert_text_text,falsified,Geoffrey Howe and Margaret Thatcher at the European Union summit meeting in Copenhagen December 1987,neutral,external_knowledge,medium,"The image shows an elderly male politician beside Thatcher. Distinguishing Howe from Mitterrand needs face knowledge, and the named summit and date cannot be pinned down; since fine-grained knowledge is not a visible conflict, the relation label is neutral. Channel: the person is swapped from Howe to Mitterrand (the original is from 1985); both are plausible suited politicians, so face knowledge is needed."
pilot_seed42,34,191,262459,262459,person_sbert_text_text,pristine,Senator Marco Rubio leaves after he addressed the Free State Foundation luncheon last month,neutral,n/a,medium,"Rubio smiles and waves as he leaves a function room with a US flag, consistent with the claim. On the stricter review pass, the named luncheon event is unverifiable; this is a generic waving exit."
pilot_seed42,35,57,431818,250037,semantics_clip_text_image,falsified,Connecticut Huskies guardforward Niels Giffey dunks the ball against the Florida Gators,contradiction,visible_conflict,high,"The scoreboard reads VILLANOVA 40, NORTH CAROLINA 44; the teams are visibly not UConn versus Florida, and the player in navy is Villanova. Channel: the readable VILLANOVA/NORTH CAROLINA scoreboard conflicts with the UConn-Florida claim (the original shows Josh Hart)."
pilot_seed42,36,22,1525117,1139224,semantics_clip_text_image,falsified,Luciano Pavarotti was one of the world s most famous tenors and he performed in the UK for the first time in Belfast in May 1963,neutral,external_knowledge,medium,"The black-and-white photo shows a five-person folk group with a banjo. Ruling out Pavarotti requires knowing his appearance, which is not admissible grounds for a contradiction, and the biographical claim cannot be checked. Channel: the pictured group is the Ian Campbell Folk Group (per the original caption), and detecting the swap needs knowledge of the people and genre."
pilot_seed42,37,4,96613,287979,semantics_clip_text_text,falsified,Wilder and Peter Boyle in Young Frankenstein,neutral,external_knowledge,medium,"The image shows two men in a period barber-chair scene. Identifying the film requires film knowledge and there is no coarse visible conflict; since fine-grained knowledge is not a visible conflict, the relation label is neutral. Channel: the film has been swapped (the original is Sweeney Todd, with Depp and Rickman), which needs film knowledge to detect."
pilot_seed42,38,167,1656013,1656013,semantics_clip_text_image,pristine,Brace had been part of the 10strong Wales boxing squad due to compete in the 51kg category,entailment,n/a,medium,"A female boxer wears a glove with the Welsh dragon flag, which supports the Wales boxing squad context."
pilot_seed42,39,145,311066,311066,person_sbert_text_text,pristine,Pope Francis urges the Philippine government to end corruption as activists rally to draw attention to poverty in their country Yiming Woo reports Video provided by Reuters,neutral,n/a,medium,Pope Francis is shown at a mass altar. The anti-corruption appeal itself is not visible content.
pilot_seed42,40,118,52800,52800,semantics_clip_text_text,pristine,Hillary Clinton speaks in Warren Mich on Aug 22,neutral,n/a,high,"The image shows Hillary Clinton speaking at a microphone and gesturing; the place and date cannot be verified from the image alone, and the named city and date (Warren, Michigan) cannot be confirmed from this generic podium scene."
pilot_seed42,41,43,213589,189750,person_sbert_text_text,falsified,President Obama announces that he will begin normalizing relations with Cuba during an address to the nation in the Cabinet Room of the White House on Dec 17 2014,neutral,event_provenance,medium,"The image is a somber close-up of Obama in a briefing-room setting; the specific Cuba announcement cannot be verified from the image. Channel: same speaker, different address (the original is his Charleston shooting remarks, not the Cuba announcement)."
pilot_seed42,42,67,82285,166824,semantics_clip_text_image,falsified,Damir Tulemaganbetov left with his friend Mohammed Islam right in the office of public relations firm 5WPR,contradiction,visible_conflict,high,"The image shows a single bearded man (who appears to be Ramzan Kadyrov) at an ornate desk, while the claim describes two people, left and right, in a PR office. Channel: a single man at an ornate desk visibly conflicts with two friends in a PR office (the original is Kadyrov in Grozny)."
pilot_seed42,43,41,1270371,1166953,scene_resnet_place,falsified,Bristol City s Ashton Gate has not hosted topflight football since 197980,neutral,external_knowledge,medium,"The image shows a night match at a stadium with police in the foreground; the claim that no top-flight football has been hosted since 1980 is historical and not visible. Channel: the photo is from an unrelated story (the original is about the Premier League on Chinese TV), and spotting the wrong stadium needs knowledge of Ashton Gate."
pilot_seed42,44,110,220223,220223,semantics_clip_text_text,pristine,Egyptian women shout slogans against ousted President Mohammed Morsi outside the presidential palace on Wednesday in Cairo,entailment,n/a,medium,"An Egyptian flag anchors the subject, and shouting slogans is depicted; the target of the slogans and the palace location are side details that no image could show. This follows the symmetric-admissibility rule for claims with a readable anchor."
pilot_seed42,45,141,59554,59554,semantics_clip_text_image,pristine,People gather in front of the cafe La Bonne Biere in central Paris,neutral,n/a,medium,"A crowd, TV crews, cordon tape, and flowers fill a Paris street corner, consistent with a gathering at the cafe, but the cafe's name is not legible. On the stricter review pass, the named cafe cannot be read; this is a generic Paris street gathering."
pilot_seed42,46,94,499071,163889,person_sbert_text_text,falsified,US senators Amy Klobuchar and Claire McCaskill talk after a news conference at a hotel in Havana,neutral,event_provenance,medium,"A blonde senator greets a Black woman with an earpiece. Ruling out Klobuchar needs knowledge of her appearance, which is not coarse or iconic, and the named Havana press conference cannot be pinned down; that is not a visible conflict, so the relation label is neutral. Channel: McCaskill is at a different event (originally a Kansas City campaign event, not the Havana press conference); the companion is not Klobuchar."
pilot_seed42,47,40,247952,353711,semantics_clip_text_text,falsified,Democratic presidential candidate Sen Bernie Sanders IVt speaks during a campaign rally at Chicago State University in Chicago,contradiction,visible_conflict,high,"The speaker stands at a podium marked TRUMP / Phoenix, Arizona and is visibly Donald Trump, not Bernie Sanders in Chicago. Channel: the readable TRUMP/Phoenix podium conflicts with the Sanders-in-Chicago claim (the original is a Trump Phoenix rally)."
pilot_seed42,48,175,118082,118082,semantics_clip_text_text,pristine,Nina Dunham loved the design vibe and the lifestyle of River Park Her apartment is 730 square feet,neutral,n/a,medium,This is a studio-style portrait of a woman wearing a jade pendant. The apartment and its size are not shown.
pilot_seed42,49,60,810581,219258,scene_resnet_place,falsified,Volume vote Amazon s US Election Heat Map,contradiction,visible_conflict,medium,"The image is a Google-branded map of California with an outage-style heat blob, visibly not an Amazon US election heat map. Channel: a Google-branded outage map (the original is Wave Broadband on Downdetector) is visibly not an Amazon election map."
pilot_seed42,50,99,950546,568228,semantics_clip_text_text,falsified,Daido Moriyama from Farewell Photography,neutral,external_knowledge,low,"The image is a gritty black-and-white bed scene, a plausible art photo, but its attribution to Moriyama's Farewell Photography cannot be verified (it resembles Larry Clark's Tulsa). Channel: the artwork's attribution has been swapped (the original is by Larry Clark), which needs art-history knowledge to detect."
pilot_seed42,51,192,550512,550512,person_sbert_text_text,pristine,Roy Keane with Triggs and Ossie,entailment,n/a,low,"A black-and-white photo shows a man in marshland with two dogs, consistent with the claim of Keane with his dogs, but the face is not clearly identifiable."
pilot_seed42,52,96,65308,686814,scene_resnet_place,falsified,Miller s Market in Mineral Va was a mess after an earthquake struck central Virginia on Aug 23 2011,contradiction,visible_conflict,medium,"The image is a tidy stock-photo supermarket shelf with a shopper, which conflicts with 'was a mess after an earthquake'. Channel: a tidy supermarket aisle (the original is a Sainsbury's in Portishead) visibly conflicts with the earthquake mess claim."
pilot_seed42,53,130,620732,620732,person_sbert_text_text,pristine,Connie Hedegaard and Xie Zhenhua talk during the last day of the Doha climate talks,neutral,n/a,medium,"Two named officials talk at a conference where attendees wear lanyards. Two people in discussion is a repeatable scene that does not pin down the named occasion (compare sample 94), and nothing readable anchors the image to the Doha talks. The case was re-checked under the rule that the same evidence standards apply for and against the caption."
pilot_seed42,54,174,1584324,1584324,semantics_clip_text_image,pristine,Lloyd Webber chose to sell his wine in China,entailment,n/a,high,"A banner literally reads 'The Andrew Lloyd Webber Wine Collection' alongside Chinese text and Petrus bottles, supporting the claim of selling wine in China or Hong Kong."
pilot_seed42,55,91,529926,973631,semantics_clip_text_text,falsified,Real Madrid s Rafael van der Vaart centre celebrates scoring the winning goal against Sevilla,contradiction,visible_conflict,high,"The player is visibly Wayne Rooney in a blue Manchester United AON kit, not van der Vaart at Real Madrid. Channel: the blue AON Manchester United kit visibly conflicts with the Real Madrid claim (the original is Rooney against Sunderland)."
pilot_seed42,56,34,894166,273821,semantics_clip_text_image,falsified,Utah s Eric Maynor jumps and scores in front of Joakim Noah,contradiction,visible_conflict,high,"The scoring player's jersey reads GOLDEN STATE 30, which conflicts with the claim that he plays for Utah. This readable-text conflict overrides taking identity as claimed; recognizing Curry is not needed. Channel: the readable GOLDEN STATE 30 jersey (the original is Curry against the Bulls) conflicts with the Utah/Maynor claim."
pilot_seed42,57,140,922259,922259,semantics_clip_text_image,pristine,From J Charles Eichhorn s American Skat or The Game of Skat Defined,neutral,n/a,medium,"The image shows vintage jack playing cards, consistent with a plate from a skat book, but the attribution cannot be verified from the image alone."
pilot_seed42,58,69,1087934,244534,semantics_clip_text_text,falsified,Steven Gerrard left of Liverpool celebrates with his teammate Luis Suarez after scoring the second goal of the 40 win against Fulham,contradiction,visible_conflict,high,"The image shows two Mexico national-team players (Hernandez, number 14) embracing at the World Cup, visibly not Gerrard and Suarez at Liverpool. Channel: the readable green Mexico HERNANDEZ 14 shirt (the original is a World Cup consolation) conflicts with the Liverpool claim."
pilot_seed42,59,106,63123,63123,scene_resnet_place,pristine,Baton Rouge police rush the crowd of protesters on Saturday in Baton Rouge La,neutral,n/a,medium,"The night scene of police in tactical gear pushing toward protesters matches the claim, but the city cannot be verified from the image alone; the named city, Baton Rouge, cannot be confirmed from this generic night protest scene."
pilot_seed42,60,6,270371,478830,person_sbert_text_text,falsified,Sandy and Oscar are pals Here she is in 2014,neutral,external_knowledge,low,"The image shows Asplundh utility crews repairing storm-damaged power lines; the claim that 'Sandy and Oscar are pals / here she is' has no visible referent. Channel: the caption repurposes 'Sandy' as a pun (the original shows a hurricane Sandy debris crew), and spotting this needs outside context about who Sandy and Oscar are."
pilot_seed42,61,200,108960,108960,person_sbert_text_text,pristine,President Barack Obama in Philadelphia Penn on June 12 2012,neutral,n/a,medium,"This is a profile close-up of Obama. The person matches, but the city and date cannot be verified from the image alone. On the stricter review pass, the named city and date (Philadelphia 2012) are unverifiable; this is a generic profile close-up."
pilot_seed42,62,142,1199117,1199117,scene_resnet_place,pristine,Trekking along the Santorini Rim to Oia,entailment,n/a,high,"Hikers walk a volcanic caldera-rim trail above deep blue sea with a white village ahead, matching a Santorini-to-Oia trek."
pilot_seed42,63,164,438457,438457,person_sbert_text_text,pristine,Usher and his son Usher Raymond V on July 21 2011 in Atlanta,entailment,n/a,high,"Usher holds a smiling young boy at a press-backdrop event, matching the claim."
pilot_seed42,64,15,372552,125900,semantics_clip_text_image,falsified,Residents and volunteers walk over downed power lines along storm damaged Pennsylvania Street after a tornado hit Van Texas,neutral,event_provenance,medium,"The image shows a woman carrying a child through tornado debris with shredded trees, a strong match for a storm aftermath, but the street name cannot be checked and this generic tornado-aftermath scene cannot confirm the named town of Van, Texas. Channel: the photo is from a different tornado (the original shows Moore, Oklahoma, a woman carrying her daughter), not Van."
pilot_seed42,65,48,63585,138288,semantics_clip_text_text,falsified,Candidate Elissa Silverman greets WUSA 9 reporter Bruce Johnson while campaigning outside the Shepherd Park polling station,neutral,event_provenance,medium,"The image shows a campaigner greeting a voter outside a polling place with media present. Matching the named participants would require inferring gender from names, which is not admissible grounds for a contradiction. Channel: it is a different campaign-greeting event (the original is Cuccinelli greeting Bulova in Fairfax)."
pilot_seed42,66,62,1061697,1456692,semantics_clip_text_image,falsified,Lions wing Tommy Bowe and Australia s Joe Tomane battle in Melbourne Using Bowe and George North as kickchasers failed as a tactic,contradiction,visible_conflict,medium,"The claim describes two named players battling in a match, but the image shows one player in a posed studio-style promotional shot before a crest board, with no opponent or match action; the conflict lies in the head count and scene type, not identity recognition. Channel: a posed single-player promo (originally a Warburton portrait) visibly conflicts with the two-player match claim."
pilot_seed42,67,68,439356,154658,person_sbert_text_text,falsified,President Obama pauses as he makes a statement on the fatal police shootings of two black men in Louisiana and Minnesota after arriving in Warsaw Friday,neutral,event_provenance,medium,"Obama is making remarks at a podium with a teleprompter in a darkened hall; the statement setting matches, but the topic and venue cannot be checked, and the generic podium scene cannot confirm the named Warsaw statement. Channel: same speaker, different occasion (the original is a 2011 DNC fundraiser in Austin, not the Warsaw statement)."
pilot_seed42,68,5,72083,341212,person_sbert_text_text,falsified,Former secretary of state Hillary Clinton speaks to the media March 10 about recent allegations of an improperly used email account during her tenure at the State Department,neutral,event_provenance,medium,"Clinton is speaking from a lectern marked Columbia University, which supports 'speaks', but the email-allegations topic and date are not visible, and the Columbia University lectern means the event cannot be pinned to that press conference. Channel: same speaker, different event (the original is a Columbia University keynote, not the email-allegations press conference)."
pilot_seed42,69,156,789014,789014,semantics_clip_text_image,pristine,Gus Poyet trains hard for Sunderland s next game chuckles Ged Parker,entailment,n/a,medium,"Poyet, in Sunderland training kit, playfully juggles drink bottles, which is consistent with the tongue-in-cheek training claim."
pilot_seed42,70,193,89840,89840,person_sbert_text_text,pristine,Donald Trump during Wednesday night s debate in Las Vegas,neutral,n/a,high,"Trump gestures at a debate-style podium against a dark backdrop, consistent with a debate night. On the stricter review pass, the named debate and city are unverifiable; this is a generic dark podium scene."
pilot_seed42,71,180,182024,182024,scene_resnet_place,pristine,A refugee with a child waits for Slovenian police to escort the group to a registration center in Dobova,neutral,n/a,medium,"A woman sits on asphalt cradling a child amid a waiting crowd with packs, matching a refugee-waiting scene, but Dobova cannot be verified. On the stricter review pass, the named place (Dobova) is unverifiable; this is a generic refugee-waiting scene."
pilot_seed42,72,35,242437,98519,person_sbert_text_text,falsified,President Clinton greets ethnic Albanian Kosovars in the town of Urosevac in the Yugoslavia province of Kosovo on Nov 23 1999,contradiction,visible_conflict,medium,"The image shows a distant speaker at an indoor stage podium in front of a giant US flag, which conflicts with greeting Kosovar crowds in a town street. Channel: an indoor stage speech (the original is an Ohio Democratic dinner) visibly conflicts with greeting crowds in a Kosovo town."
pilot_seed42,73,65,149954,767344,person_sbert_text_text,falsified,Serena Williams competing against Daria Gavrilova of Australia at the Rio Olympics,neutral,event_provenance,medium,"The image shows Serena mid-serve; her opponent is not visible, and knowing that Olympic courts are ad-free is sports knowledge, not a visible conflict; since fine-grained knowledge is not a visible conflict, the relation label is neutral. Channel: it is Serena but a different match (the original is against Suarez Navarro); the commercial boards are also atypical of the Olympics."
pilot_seed42,74,31,557674,102980,person_sbert_text_text,falsified,Vladimir Putin speaks after a summit with European Union leaders He said Moscow had not yet delivered advanced S300 air defence systems to Damascus,neutral,event_provenance,medium,"Putin is seated at an official summit-style table, which supports the summit context, but the quoted S-300 remark cannot be checked, and the generic official meeting table cannot confirm the named EU summit. Channel: same person, different meeting (the original shows local officials in Voronezh, not an EU summit)."
pilot_seed42,75,64,1565747,859403,scene_resnet_place,falsified,Japanese banks are trying to gain market share abroad from troubled European banks,neutral,external_knowledge,medium,"The image shows an RBS sign with performers in bowler hats; nothing about Japanese banks is visible, and there is no direct conflict. Channel: the photo is from an unrelated story (the original is an anti-RBS protest in 2011), and it takes outside knowledge to see that an RBS protest is not a Japanese-bank story."
pilot_seed42,76,74,934927,1003866,semantics_clip_text_image,falsified,She identified with Burns deeply As she talked the night descended and the drone of insects filled the air Maya Angelou,neutral,external_knowledge,medium,"The image is a 1950s portrait of a woman in tweed. Ruling her out as Maya Angelou requires knowing what Angelou looked like, which is not admissible grounds for a contradiction, and the quote cannot be checked. Channel: the pictured woman is Katharine Whitehorn (per the original caption), and detecting the swap needs knowledge of the person's appearance."
pilot_seed42,77,138,1451746,1451746,scene_resnet_place,pristine,The World Bar overlooks the Genting Arena concert venue,entailment,n/a,high,"The view from a bar with pendant lamps looks toward a building signed GENTING ARENA, which directly supports the claim."
pilot_seed42,78,159,81510,81510,semantics_clip_text_image,pristine,Lynn Sweet Washington bureau chief for the Chicago SunTimes right and Mary Shearer,entailment,n/a,low,"Two women in evening gowns attend a White House-style event; the woman on the right, blonde with glasses, matches Lynn Sweet, though the identities are not certain."
pilot_seed42,79,88,1232148,796062,semantics_clip_text_text,falsified,Ryan Hall whose lastgasp try won the League Leaders Shield for Leeds celebrates with the trophy after their victory over Huddersfield,contradiction,visible_conflict,high,"The image shows 1980s soccer players in red lifting an FA-Cup-style trophy at Wembley, visibly not rugby league or a Leeds shield win. Channel: a vintage FA Cup soccer scene (the original is Manchester United in 1985) visibly conflicts with the rugby league shield claim."
pilot_seed42,80,136,288424,288424,semantics_clip_text_image,pristine,Floyd Mayweather Jr throws a left to the face of Robert Guerrero in their WBC welterweight title bout at the MGM Grand Garden Arena,entailment,n/a,medium,"Both named fighters are in frame, with their identities taken as claimed (identity is not second-guessed at this stage), and a left to the face is shown exactly as described, with no admissible conflict. Since the two opponents pin down the bout, photos like this all come from the same event and the venue rides along, so the relation label is entailment."
pilot_seed42,81,184,65326,65326,semantics_clip_text_text,pristine,Hillary Clinton President Trump is a dangerous proposition Campaign 2016,neutral,n/a,medium,"Trump appears in a CNN Exclusive interview frame. The Clinton quote about Trump cannot be checked from the image, though a photo of the quote's subject is a plausible pairing."
pilot_seed42,82,117,1236984,1236984,person_sbert_text_text,pristine,Andy Murray had a long conversation with the GB trainers and physios about his back problem before playing Bernard Tomic,neutral,n/a,medium,The image shows Murray reaching for a forehand on an indoor blue court in a GB kit; the conversation with the trainers about his back is not visible.
pilot_seed42,83,58,1205733,1482932,person_sbert_text_text,falsified,Labour leader Ed Miliband visits Crouch End north London on Thursday,contradiction,visible_conflict,medium,"The scene is the House of Commons chamber with the Labour front bench, which conflicts with a street visit to Crouch End. Channel: a Commons chamber scene (the original shows Miliband and Balls on the front bench) is visibly not a street visit to Crouch End."
pilot_seed42,84,71,256015,157721,semantics_clip_text_image,falsified,Former Florida governor Jeb Bush speaks at a luncheon hosted by the Chicago Council on Global Affairs on Feb 18 2015,contradiction,visible_conflict,high,"The speaker at the podium is visibly Bob McDonnell in front of a 'Virginia's Road to the Future' banner, not Jeb Bush in Chicago. Channel: the readable Virginia banner together with McDonnell (the original pairing) visibly conflicts with Jeb Bush in Chicago."
pilot_seed42,85,161,233365,233365,person_sbert_text_text,pristine,President Obama arrives in Ohio,entailment,n/a,medium,"The presidential seal on the aircraft anchors the subject, and an arrival wave is depicted. Ohio is an incidental detail that need not be shown, under the rule that only readable anchors in the image count as evidence."
pilot_seed42,86,66,858610,1455702,scene_resnet_place,falsified,Kazakhstan s cinematic landscape was not the only thing under discussion at the Eurasia Film Festival,neutral,event_provenance,medium,"The image is a digiscoped photo of a juvenile eagle; it is unrelated to a film festival but contains no conflicting evidence. Channel: the bird photo is from a Scottish sighting (the original is Dumfries and Galloway), repurposed for a Kazakh film festival."
pilot_seed42,87,102,143792,143792,semantics_clip_text_image,pristine,Robert P Jones Election may be referendum on the end of white Christian America,neutral,n/a,high,"The image is a stock-style photo of a white clapboard church; it illustrates the quoted opinion, but the quote itself cannot be checked."
pilot_seed42,88,198,429592,429592,semantics_clip_text_text,pristine,Texas A M cheerleaders perform on the floor during the Aggies game against Missouri in the SEC tournament on March 14,entailment,n/a,high,"AGGIES-branded cheerleaders perform on a game floor, so the main clause is fully depicted and the subject is anchored by readable text. The game, tournament, and date are incidental details that cannot be shown, under the rule that only readable anchors in the image count as evidence."
pilot_seed42,89,80,670978,1117428,person_sbert_text_text,falsified,Amy Winehouse performing at Glastonbury in 2008,neutral,event_provenance,medium,"The image shows Amy Winehouse at a microphone mid-performance; the venue looks like a stage or studio rather than a festival field, so Glastonbury is uncertain, and the stage setting cannot be pinned to the named festival and year. Channel: same artist, different source (the original is a still from the documentary Amy, not Glastonbury 2008)."
pilot_seed42,90,55,1051653,357652,semantics_clip_text_text,falsified,Canada s Prime Minister Trudeau delivers a speech during the opening session of the World Climate Change Conference 2015 at Le Bourget near Paris France November 30 2015 REUTERSStephane Mahe,contradiction,visible_conflict,high,"The backdrop reads SUMMIT2014 EU-US BRUSSELS 26.03.2014, and the speaker is visibly Obama, not Trudeau at COP21. Channel: the readable SUMMIT2014 EU-US BRUSSELS backdrop together with Obama (the original pairing) conflicts with the Trudeau COP21 claim."
pilot_seed42,91,150,349046,349046,person_sbert_text_text,pristine,Justin Rose celebrates his victory against Phil Mickelson on the 18th green Sunday at the Ryder Cup,entailment,n/a,high,"A golfer in Europe colours celebrates in front of a '39th Ryder Cup' scoreboard that lists ROSE, matching the claim."
pilot_seed42,92,90,1045718,451116,semantics_clip_text_image,falsified,A jeepney in Manila US military 4x4s left over from world war II have been converted often flamboyantly into the most popular form of transport in the city,contradiction,visible_conflict,high,"The image shows an airbrushed American muscle car inside a graffiti-covered warehouse, visibly not a jeepney on the streets of Manila. Channel: a muscle car in an art warehouse (the original is about Powerhouse artists) is visibly not a Manila jeepney."
pilot_seed42,93,59,1618886,181025,semantics_clip_text_text,falsified,The army has destroyed some border properties in Rafah to create a buffer zone between Egypt and Gaza,contradiction,visible_conflict,medium,"The image is an infrared surveillance still with the embedded caption 'Terrorists fire at IDF forces', visibly a different event from house demolitions in Rafah. Channel: the embedded IDF video caption (from the original) visibly conflicts with the claim about the Egyptian army's demolitions in Rafah."
pilot_seed42,94,113,625550,625550,semantics_clip_text_text,pristine,Alina Cojocaru in La Sylphide by the Royal Ballet ENB artistic director Tamara Rojo says the move is a little like Andy Murray recruiting Novak Djokovic,neutral,n/a,medium,"The image shows a single dancer. The tartan scarf pins down the production only through knowledge of the ballet, which is not admissible, and the pool of this dancer's performance photos varies. Reviewed under the final ruleset."
pilot_seed42,95,105,618367,618367,semantics_clip_text_text,pristine,Left to right Abraham Attah and Idris Elba in Beasts of No Nation,entailment,n/a,high,"The image is a film still with a boy on the left and Idris Elba on the right, which matches Beasts of No Nation."
pilot_seed42,96,129,700719,700719,semantics_clip_text_image,pristine,Dustin Brown left defeated YenHsun Lu on Court 9,neutral,n/a,medium,"The image shows a Wimbledon outer-court scene with spectators, but the players are too small and seen too side-on to be identified as Brown or Lu."
pilot_seed42,97,11,1021076,1045136,semantics_clip_text_text,falsified,Fabian Delph celebrates with Raheem Sterling after scoring his first City goal,contradiction,visible_conflict,high,"The image shows two England players in white, visibly Rooney and Welbeck, high-fiving at Wembley, not Delph and Sterling in Manchester City kit. Channel: the England white kit and Rooney/Welbeck (the original is England 3-1 Slovenia) conflict with the Manchester City claim."
pilot_seed42,98,185,1279814,1279814,person_sbert_text_text,pristine,Sword of Destiny gives Davy Russell another victory during a highly successful afternoon for the jockey at Navan,neutral,n/a,medium,"A grey horse in maroon silks leads over the jumps, consistent with racing at Navan, but the horse's and jockey's identities and the result cannot be verified."
pilot_seed42,99,126,621465,621465,semantics_clip_text_image,pristine,I m not joking Elizabeth Taylor in The Comedians Photographs Ronald Grant Archive,neutral,n/a,medium,"The image is a 1960s film still of Elizabeth Taylor aiming a revolver, which is consistent with The Comedians, but the title is not certain. On the stricter review pass, the named film remains uncertain: a period still like this cannot be pinned to The Comedians specifically."
pilot_seed42,100,123,329303,329303,scene_resnet_place,pristine,Members of the media watch the Democratic presidential debate at Drake University,entailment,n/a,high,"The image shows a press room of journalists at laptops under a '#DemDebate' banner, watching the debate on a screen, which matches the claim."
pilot_seed42,101,63,628718,505035,semantics_clip_text_image,falsified,Juicy pear rug From 395sq m by Lorraine Statham for Loophouse,neutral,other,low,"The image is an art-style photo of a green shag carpet with a football card and floral bedding; it cannot be confirmed as the 'juicy pear' rug product. Channel: it is a repurposed interior-art still (the original is a George Best card art shoot), with no clean entity, time, or event dimension."
pilot_seed42,102,93,1251513,481970,scene_resnet_place,falsified,Edinburgh council are facing legal action from the European commission over the selloff of its Caltongate site near the Royal Mile,neutral,event_provenance,medium,"The image shows a medieval stone castle gatehouse with parked cars; the legal-action claim cannot be checked, and the site's identity cannot be verified from the image alone. Channel: it is a different building and city (the original is the Lancaster Castle prison closure), not Edinburgh's Caltongate."
pilot_seed42,103,19,577080,220643,scene_resnet_place,falsified,Shoppers wait to get inside a Best Buy store in Naples Florida,contradiction,visible_conflict,high,"The image shows armed police and sheriff's officers outside a building signed EXCEL INDUSTRIES, visibly not shoppers queueing at a Best Buy. Channel: the EXCEL INDUSTRIES sign and armed police (the original is the Hesston, Kansas shooting) conflict with the Best Buy queue claim."
pilot_seed42,104,151,857223,857223,semantics_clip_text_image,pristine,Bordeaux s Moroccan forward Marouane Chamakh during a friendly against Marseille,entailment,n/a,medium,"A player in Bordeaux's navy KIA kit shields the ball from a Marseille player. The kits match the caption, but the player's identity as Chamakh is uncertain."
pilot_seed42,105,83,630151,144106,scene_resnet_place,falsified,A gas processing plant built in front of a cemetary in Bloomfield New Mexico,neutral,event_provenance,medium,"The image shows an industrial plant with distillation towers in front of snowy mountains; no cemetery is visible in the frame, and the facility resembles Iran's Arak plant. Channel: the industrial plant has been relocated (the original is the Arak heavy-water facility in Iran), not Bloomfield, New Mexico."
pilot_seed42,106,10,351417,404742,scene_resnet_place,falsified,No 8 Louisville 44 Eastern Kentucky 7,contradiction,visible_conflict,high,"The image is an NFL matchup graphic reading 'Minnesota Vikings at Philadelphia Eagles #1', visibly not a Louisville versus Eastern Kentucky college score. Channel: the NFL Vikings-Eagles graphic (the original pairing) visibly conflicts with the college score line."
pilot_seed42,107,2,78838,749670,scene_resnet_place,falsified,People wait during a food distribution in the West Point slum of Monrovia Liberia,neutral,event_provenance,medium,"The image shows a dense seated crowd of women and children, with a boy carrying a jug and firewood, consistent with waiting at a food distribution. But the named city, Monrovia, cannot be confirmed from this generic crowd scene. Channel: the photo comes from a different crisis (the original shows Burundian refugees in Tanzania), not Monrovia."
pilot_seed42,108,120,422019,422019,person_sbert_text_text,pristine,Angelique Kerber of Germany returns to Eugenie Bouchard of Canada,neutral,n/a,medium,"The blonde player in an Adidas visor hitting a two-handed backhand at Wimbledon matches Kerber, but the named opponent, Bouchard, is not visible in the image."
pilot_seed42,109,17,954449,1523841,scene_resnet_place,falsified,BBC drama village in Cardiff Bay artist s impression,contradiction,visible_conflict,high,"The rendering is watermarked DUNDEE WATERFRONT, so it is visibly not an artist's impression of a BBC drama village in Cardiff Bay. Channel: the DUNDEE WATERFRONT watermark (the original shows plans for V&A Dundee) conflicts with the Cardiff Bay claim."
pilot_seed42,110,86,725441,69956,scene_resnet_place,falsified,Health workers put on protective gear before entering a quarantine zone at a Red Cross facility in Koidu eastern Sierra Leone,neutral,event_provenance,medium,"The image shows workers in yellow Ebola protective gear inside an orange-fenced treatment area, matching the quarantine-zone claim, but Koidu cannot be checked, and the generic protective-gear scene cannot confirm the named organisation and town. Channel: it is an Ebola protective-gear scene from a different organisation and place (the original is MSF in Monrovia, Liberia, not the Red Cross in Koidu)."
pilot_seed42,111,37,198599,868227,semantics_clip_text_text,falsified,Jordan Spieth has the tough task of presenting the green jacket to the new champion Danny Willett,neutral,temporal_provenance,medium,"A green-jacket ceremony with the champion waving. Telling which year's pairing this is needs golf face knowledge, and the named presenters cannot be pinned down; fine-grained knowledge is not a visible conflict, so the relation label is neutral. Channel: same ceremony, wrong year (the original is 2014 Watson and Scott; the claim implies 2016 Willett and Spieth)."
pilot_seed42,112,197,1612556,1612556,semantics_clip_text_image,pristine,A still from Rosebud 2013 by James Richards 30 who is the youngest nominee on the Turner Prize list,neutral,n/a,medium,"A macro black-and-white shot shows the engraved eyes of a banknote. It is plausible as a still from an art video, but the specific work is unverifiable."
pilot_seed42,113,54,557614,715557,person_sbert_text_text,falsified,Australia costars Hugh Jackman left and Nicole Kidman presented for best original score award,neutral,event_provenance,medium,"An actress on a premiere-style red carpet with a long-haired companion. Identifying the companions and occasion needs face knowledge, and arriving versus presenting cannot be decided visually; that is not a visible conflict, so the relation label is neutral. Channel: Kidman is at a different event (originally the Odeon Leicester Square with her husband, not an award presentation)."
pilot_seed42,114,162,482338,482338,person_sbert_text_text,pristine,Michael Clarke celebrates his half century Australia s captain eventually went for 74 bowled by Matt Henry,neutral,n/a,medium,"The name CLARKE on the shirt pins down the person but not the occasion; the half-century and being bowled for 74 report a specific innings, and similar photos could come from many different innings. The case was re-checked under the final version of the annotation rules."
pilot_seed42,115,47,743340,193303,scene_resnet_place,falsified,Millennium Square in Bristol a harbourside space set to become one of the UK s first major smokefree outdoor zones,neutral,event_provenance,medium,"The image shows a silhouetted figure in a doorway opening onto a snowy plaza; the location cannot be identified as Bristol's Millennium Square, and there is no conflict. Channel: it is a different public space (the original is West Falls Church Metro station), not Bristol's Millennium Square."
pilot_seed42,116,108,571553,571553,scene_resnet_place,pristine,Drone registration is running at about 10000 UAVs a day in the US according to the FAA,neutral,n/a,high,The image shows a quadcopter in flight with an airliner behind it; the FAA registration statistic cannot be verified from the image alone.
pilot_seed42,117,50,1271655,1565764,scene_resnet_place,falsified,An episode of Interpol Calling named The Man s a Clown,contradiction,visible_conflict,high,"The image is a modern AP news photo of Oscar Pistorius outside court, visibly not a 1950s episode of the TV series Interpol Calling. Channel: a modern court news photo (the original is about Pistorius's psychiatric tests) is visibly not a 1950s TV episode."
pilot_seed42,118,72,570914,1169730,semantics_clip_text_text,falsified,Ishmael Beah author of A Long Way Gone talks to a group of children including former soldiers like himself at a school in the South Sudanese town of Pibor,contradiction,visible_conflict,high,"The image shows a man holding the Man Booker Prize 2015 trophy and the book 'A Brief History of Seven Killings'; this is visibly Marlon James at an awards event, not Beah with children in Pibor. Channel: the readable Man Booker Prize 2015 trophy (the original is Marlon James) conflicts with the claim of Beah in Pibor."
pilot_seed42,119,186,1635935,1635935,semantics_clip_text_image,pristine,Leelah Alcorn killed herself after years of struggling with her strict Christian parents refusal to acknowledge her true identity as a female,neutral,n/a,medium,This is a selfie of a young person consistent with the named subject. The biographical events described are not visible content.
pilot_seed42,120,181,115217,115217,person_sbert_text_text,pristine,First lady Michelle Obama and President Obama await the arrival of the Indian prime minister,neutral,n/a,medium,"Michelle Obama in a gown and Barack Obama in a tuxedo stand formally awaiting guests, matching a state-dinner arrival, but the guest's identity is not visible. On the stricter review pass, the named occasion (the Indian PM's arrival) is unverifiable; this is a generic formal couple."
pilot_seed42,121,133,1582807,1582807,scene_resnet_place,pristine,There was a heavy police presence as a van left Edinburgh Sheriff Court after Rosdeep Kular s appearance,neutral,n/a,medium,"A G4S prison van drives over cobbles past photographers and onlookers, consistent with a departure from court, but Edinburgh cannot be verified from the image alone. On the stricter review pass, the named court and case are unverifiable; this is a generic prison-van scene."
pilot_seed42,122,194,1047217,1047217,scene_resnet_place,pristine,An Oxford University Press study of writing by children reveals the extent to which American English has colonised Britain,neutral,n/a,high,Children write at classroom desks. The image is illustrative only; the finding of the OUP study is not visible content.
pilot_seed42,123,85,511617,193268,person_sbert_text_text,falsified,John Kerry meets Vladimir Putin in Sochi The US secretary of state later said he had frank discussions with the Russian president,contradiction,visible_conflict,high,"The scene is the UN Security Council horseshoe table, visibly not the US House chamber for a State of the Union. Channel: a wide shot of the UN Security Council chamber (the original context is a Kerry portrait) is visibly not a Kerry-Putin bilateral meeting."
pilot_seed42,124,179,686358,686358,scene_resnet_place,pristine,FTcom Pearson said digital subscriptions had overtaken print for the first time,neutral,n/a,high,"This is a screenshot of the FT.com homepage. It supports the FT context, but Pearson's statement about subscriptions cannot be checked."
pilot_seed42,125,70,670916,812326,semantics_clip_text_image,falsified,Gianfranco Fini the speaker of Italy s lower house and cofounder of the Freedom People movement,neutral,external_knowledge,medium,"The image shows a white-bearded official before an EU backdrop. Knowing that Fini is clean-shaven is face knowledge, and the role and venue mismatch is not visible at a coarse level; since fine-grained knowledge is not a visible conflict, the relation label is neutral. Channel: the person is swapped (the original is EU commissioner Arias Canete); the setting is plausible, so face and role knowledge is needed."
pilot_seed42,126,169,372517,372517,person_sbert_text_text,pristine,Mitt Romney speaks during a campaign rally at Westerville South High School in Westerville Ohio,neutral,n/a,high,"Romney speaks into a microphone in front of a giant US flag at a rally, but the school venue cannot be checked. On the stricter review pass, the named school and city are unverifiable; this is a generic rally with a flag."
pilot_seed42,127,49,330419,471594,person_sbert_text_text,falsified,Oscar Pistorius leaves the high court in Pretoria South Africa Tuesday,neutral,event_provenance,medium,"The image is an indoor profile of Pistorius in the court dock; the person and court context match, but he is not visibly leaving the court. Channel: same person and court context but a different court appearance (the original shows him awaiting trial, not leaving the high court)."
pilot_seed42,128,144,808478,808478,person_sbert_text_text,pristine,Steven Gerrard leaves the pitch after Liverpool are eliminated from the Champions League,neutral,n/a,medium,The Champions League sleeve patch pins down the competition but not the elimination night; a scene of dejected players fits any losing Champions League match. The case was re-checked under the final version of the annotation rules.
pilot_seed42,129,178,895272,895272,semantics_clip_text_image,pristine,Gillian Anderson and Gok Wan,entailment,n/a,low,A black-and-white shot shows Gillian Anderson talking to a man in glasses who is seen from behind; the second person's identity as Gok Wan is unverifiable.
pilot_seed42,130,177,296705,296705,scene_resnet_place,pristine,We re counting down the top 20 bestselling vehicles in April In 20th place Ford Explorer falls from 17th place in March,neutral,n/a,medium,"A white Ford Explorer drives on a dirt trail. The vehicle matches, but the sales ranking cannot be verified from the image alone. On the stricter review pass, the sales-ranking claim is unverifiable; the product photo is only illustrative."
pilot_seed42,131,101,426297,426297,person_sbert_text_text,pristine,President Obama delivers the State of the Union to a joint session of Congress and honored guests,entailment,n/a,high,"The image shows Obama speaking at a lectern with the uniformed Joint Chiefs seated behind him, which matches a State of the Union setting."
pilot_seed42,132,111,564479,564479,scene_resnet_place,pristine,Foxtons is infamous in the capital for its brash sales tactics and a liveried fleet of Mini Coopers,entailment,n/a,medium,"The image shows a wrapped Mini Cooper driving along a shopping street, which matches the liveried-Mini claim, though the Foxtons branding is not legible."
pilot_seed42,133,61,455803,685656,semantics_clip_text_text,falsified,Dover take on Crystal Palace who will have new manager Alan Pardew in the dugout at the Crabble Stadium,contradiction,visible_conflict,high,"The image shows a children's TV presenter in a flat cap posing with a knitted lookalike doll by a 'Wall of Fame', which has nothing to do with a Dover versus Crystal Palace match. Channel: a TV presenter with a knitted doll (the original is Jason Bradbury) is visibly unrelated to a football fixture."
pilot_seed42,134,8,370873,226482,scene_resnet_place,falsified,For the first time in more than four decades more Mexican immigrants are returning to their home country than coming to the United States according to a report released Thursday,neutral,other,medium,"The image shows TSA officers at airport security gates; the migration statistic cannot be checked, and the image is only loosely illustrative. Channel: this is a loosely thematic stock pairing (the original is about a TSA snow closure), with no comparable entity, time, or event dimension linking it to the migration report."
pilot_seed42,135,73,894004,1506625,person_sbert_text_text,falsified,Nick Clegg and Danny Alexander on posterunveiling duties in the rain in Hyde Cheshire,contradiction,visible_conflict,medium,"The image shows Clegg indoors at a table with 'Mental Health Matters' leaflets and a young man, which conflicts with an outdoor poster unveiling in the rain with Danny Alexander. Channel: an indoor mental-health visit (the original is SAMH in Glasgow) visibly conflicts with a rainy outdoor poster unveiling."
pilot_seed42,136,29,323695,233017,semantics_clip_text_text,falsified,A Florida man captured video Saturday of a massive shark eating a smaller shark near a pier in Jacksonville Fla,contradiction,visible_conflict,medium,"The video still shows a shark lunging at a jumping seal off a sandbar; the prey is visibly a seal, not a smaller shark by a pier. Channel: the prey is visibly a seal (the original is a Cape Cod seal escaping a shark), not a smaller shark."
pilot_seed42,137,92,1173205,362404,person_sbert_text_text,falsified,Vice President Joe Biden bites his lip while speaking at Harvard,neutral,event_provenance,medium,"The image shows Biden clutching a red folder in a hallway while Samantha Power leans in; he is not visibly speaking at a Harvard event. Channel: same person, different setting (the original is the Oval Office with Samantha Power, not a Harvard speech)."
pilot_seed42,138,165,351461,351461,semantics_clip_text_text,pristine,Designers show off the finished product to Richard Branson as he makes his first walkthrough of Virgin Atlantic s first Boeing 7879 Dreamliner,entailment,n/a,high,"Branson stands with red-uniformed crew and a film boom inside a purple-lit Dreamliner cabin during a walkthrough, matching the claim."
pilot_seed42,139,14,1185215,389906,scene_resnet_place,falsified,Charming Thought far left comes to land the Middle Park Stakes at Newmarket from Ivawood purple,contradiction,visible_conflict,high,"The image shows a single horse in a US-style morning workout with an exercise rider, the saddlecloth reading ORB, at a Churchill Downs-style track, not a race finish at Newmarket. Channel: a morning workout with a casually dressed rider (the original is Orb before the Kentucky Derby) is visibly not a Newmarket race finish."
pilot_seed42,140,95,406874,276677,person_sbert_text_text,falsified,Singer Rihanna keeps it colorful on day 2 of the 2015 Coachella festival,neutral,event_provenance,low,"The image shows Rihanna performing on stage in a black mesh cannabis-motif top under blue lights; her 'colorful' day-2 festival attendance cannot be confirmed, and the fit of outfit and context is doubtful. Channel: a stage performance has been repurposed (the original is an Instagram pot-themed roundup); it is not Coachella 2015 attendance."
pilot_seed42,141,171,823538,823538,semantics_clip_text_text,pristine,Head coach Pete Carroll of the Seattle Seahawks celebrates with the Vince Lombardi Trophy after their 438 victory over the Denver Broncos during Super Bowl XLVIII at MetLife Stadium,entailment,n/a,high,"Pete Carroll beams beside the Vince Lombardi Trophy in Seahawks colours, matching the Super Bowl XLVIII win."
pilot_seed42,142,76,757670,197045,semantics_clip_text_text,falsified,Robert Trent Jones II Golf Course Four Seasons Resort Nevis The stunning golf course at the Four Seasons Resort Nevis with Nevis Peak in the background Paradise,neutral,event_provenance,low,"The image shows golfers on a green with lush peaks behind, generically consistent with the Nevis resort course, but the location cannot be verified, and the generic golf scene cannot confirm the named resort and island. Channel: the golf scene is from a different course (the original is Obama at Mid-Pacific Country Club in Kailua), not Nevis."
pilot_seed42,143,33,1622443,187463,semantics_clip_text_image,falsified,President Rousseff Below that green and yellow jersey you represent a powerful legacy of the Brazilian people,neutral,other,medium,"The image shows a beach-volleyball player (USA, Lucena, number 2) high-fiving green-and-yellow Brazilian fans; the Rousseff quote about the jersey cannot be checked. Channel: this is a quote-illustration pairing (the original is US beach volleyball); the claim does not say the pictured player wears the jersey, so there is no clean entity, time, or event dimension."
pilot_seed42,144,182,103661,103661,scene_resnet_place,pristine,Protesters enter the parliament building The surge of demonstrators into the Green Zone which is off limits to most Iraqis was the culmination of months of street protests,entailment,n/a,high,"A dense crowd waves Iraqi flags inside a parliament atrium, matching the storming of the Green Zone parliament."
pilot_seed42,145,131,1643956,1643956,semantics_clip_text_text,pristine,The next day in Johannesburg s Hillbrow suburb an amateur boxer looks into the eyes of her trainer as she spars with him at a gym,entailment,n/a,medium,"A woman in boxing guard spars with a shirtless trainer beside an outdoor ring, which matches the caption; the Hillbrow location cannot be verified from the image alone."
pilot_seed42,146,3,1557463,1597711,scene_resnet_place,falsified,Thousands of junior doctors also rallied in Belfast and Nottingham,neutral,event_provenance,medium,"Placards reading 'Junior Doctor Contract #NotFair #NotSafe' and 'Save NHS' match a junior doctors rally, but the cities and scale are not visible, so the picket cannot be placed in the named cities of Belfast or Nottingham. Channel: it is a junior-doctor picket from a different city (the original is QE Hospital Birmingham, not Belfast or Nottingham)."
pilot_seed42,147,23,1017498,1089087,semantics_clip_text_image,falsified,Daniel Hayman leaves court in Sydney in June 2014 after pleading guilty to indecent assault,neutral,external_knowledge,medium,"The image shows an elderly man seated in a car. Identifying him as the actor Hoffman needs face knowledge, and 'leaves court' is not visibly contradicted; since fine-grained knowledge is not a visible conflict, the relation label is neutral. Channel: the person is swapped for an actor (the original is Dustin Hoffman in HBO's Luck), which needs face knowledge to detect."
pilot_seed42,148,89,337178,323802,semantics_clip_text_image,falsified,Connecticut Huskies head coach Geno Auriemma instructs his players against the Notre Dame Fighting Irish,contradiction,visible_conflict,high,"The image shows the Michigan bench in maize and blue with coach Beilein applauding, visibly not the UConn women against Notre Dame. Channel: the Michigan maize-and-blue bench (the original shows Beilein) visibly conflicts with the claim of UConn women versus Notre Dame."
pilot_seed42,149,112,76486,76486,semantics_clip_text_image,pristine,Oakland Raiders linebacker Rod Martin,entailment,n/a,high,"The image shows a Raiders number 53 carrying the ball against the Eagles in a vintage Super Bowl scene, which matches Rod Martin."
pilot_seed42,150,78,326647,1534319,scene_resnet_place,falsified,Beautiful Hawaii Another spectacular sunset ends the day at Honolulu s Waikiki Beach last month,contradiction,visible_conflict,medium,"The image shows a bright midday turquoise sea framed by palms, in a Caribbean style, visibly not a sunset at Waikiki. Channel: a bright midday Caribbean beach (the original is a Barbados school trip) is visibly not a Waikiki sunset."
pilot_seed42,151,146,1576157,1576157,semantics_clip_text_image,pristine,Facebook s new headquarters designed by Frank Gehry,entailment,n/a,high,"An aerial view shows a long building topped by a landscaped rooftop park, with a Facebook watermark; this matches the Gehry-designed Facebook Menlo Park campus."
pilot_seed42,152,77,220314,360620,scene_resnet_place,falsified,A man enjoys the weather along the Black Sea near Olympic Park,neutral,event_provenance,medium,"A man in white stands at a waterfront with rusted piles and an old city skyline across the bay, which looks like Havana; the Black Sea location cannot be verified. Channel: a waterfront figure in a different place (the original is a Santeria ritual at Havana Bay), not the Black Sea."
pilot_seed42,153,82,784444,1551031,person_sbert_text_text,falsified,George Osborne at the Conservative party conference in Manchester,contradiction,visible_conflict,medium,"The scene is the House of Commons with Clegg speaking at the dispatch box and Osborne beside him, not a Conservative party conference in Manchester. Channel: the Commons chamber (the original shows Osborne beside Clegg in the Commons) is visibly not the Manchester party conference."
pilot_seed42,154,53,249207,206595,scene_resnet_place,falsified,The casual Lido Marketplace buffet offers stations for comfort food deli sandwiches Indian cuisine and more It s open for breakfast lunch and dinner,contradiction,visible_conflict,low,"The image shows a modest charity or restaurant kitchen with men preparing trays of flatbread, visibly not a cruise-ship marketplace buffet with stations. Channel: a charity meal-preparation kitchen (the original is the Imam Ali Center in Detroit) visibly conflicts with the cruise buffet claim."
pilot_seed42,155,51,1653126,1461797,scene_resnet_place,falsified,Labour supporters celebrating their results in Cardiff,neutral,event_provenance,low,The image shows a packed community-hall meeting of standing attendees; no Labour signage or celebration cues are visible either way. Channel: it is an indoor public meeting from a different event (the original is a Network Rail level-crossing meeting in Stowmarket).
pilot_seed42,156,115,248798,248798,person_sbert_text_text,pristine,Pope Francis waving goodbye visits with inmates and their families at the CurranFromhold Correctional Facility the largest prison operated in Philadelphia Penn on Sunday Sept 27 2015,entailment,n/a,high,"The image shows Pope Francis waving in front of a 'World Meeting of Families 2015 Philadelphia' backdrop, with an audience in light-blue uniforms raising their hands, which matches the prison visit."
pilot_seed42,157,148,251465,251465,semantics_clip_text_text,pristine,Apple CEO Tim Cook introduces the new iPad Pro during an Apple launch event,entailment,n/a,high,"Tim Cook is on stage holding a large iPad displaying a Jupiter wallpaper, matching an iPad Pro launch."
pilot_seed42,158,158,1002787,1002787,scene_resnet_place,pristine,Egyptian people and security officers stand at the scene of a bomb attack at the Cairo Security Directorate building,entailment,n/a,medium,"Onlookers stand behind police tape at the blast-damaged facade of the 'Museum of Islamic Art', consistent with the scene of the Cairo security-directorate bombing next door."
pilot_seed42,159,100,415134,171754,semantics_clip_text_text,falsified,Biden walks in the annual Allegheny County Labor Day Parade on Sept 7 2015 in Pittsburgh,contradiction,visible_conflict,high,"The man greeting supporters is visibly Bernie Sanders amid 'Bernie' placards, not Joe Biden at a Pittsburgh parade. Channel: the readable Bernie placards (the original is Sanders at a Milford, New Hampshire parade) conflict with the Biden Pittsburgh claim."
pilot_seed42,160,75,260682,67187,scene_resnet_place,falsified,the headquarters of Uber in San Francisco,contradiction,visible_conflict,medium,"The interior shown is a luxury leather-goods boutique with display shelves, visibly not an office headquarters. Channel: a luxury boutique interior (the original is a Brioni store) is visibly not an office headquarters."
pilot_seed42,161,137,184939,184939,person_sbert_text_text,pristine,Russian President Vladimir Putin speaks during a media forum in St Petersburg on April 7,neutral,n/a,high,"Putin sits with a microphone before a forum audience wearing lanyards, matching the media-forum claim, but the city and date cannot be checked. On the stricter review pass, the named forum, city, and date are unverifiable; this is a generic seated-speech scene."
pilot_seed42,162,116,349203,349203,person_sbert_text_text,pristine,Cruz celebrates at a Super Tuesday watch party at the Redneck Country Club on March 1 2016 in Stafford Texas,entailment,n/a,medium,"The TRUSTED campaign branding on the podium anchors the named candidate, and an on-stage celebration with family is depicted; the venue and the specific night are side details beyond what the image can show. This follows the symmetric-admissibility rule for claims with a readable anchor."
pilot_seed42,163,39,200078,82433,semantics_clip_text_text,falsified,Screenshot from a Xi Jinping fan site on Sina Weibo,neutral,external_knowledge,medium,"The photo shows a leader inspecting a machine plant with officials. Telling whether he is Xi requires knowledge of his appearance, which is not admissible grounds for a contradiction, and the 'screenshot' claim is not visibly contradicted. Channel: it is a KCNA photo of Kim Jong Un (per the original caption), and detecting the swap needs knowledge of the person's appearance."
pilot_seed42,164,38,1652518,1521882,scene_resnet_place,falsified,Apple experienced problems of its own following the release of iOS 8,neutral,temporal_provenance,high,"The image shows a woman walking past a Chinese 'new iPad' advertising wall; the iOS 8 troubles are not visible content, so there is no conflict. Channel: the iPad-3-era ad photo (the original is a 2012 China trademark story) predates iOS 8, and the date metadata exposes the mismatch."
pilot_seed42,165,1,1209119,438934,semantics_clip_text_image,falsified,Oprah leads Arsmtrong to a predictable finale asking him what the moral of the story is It s a calamitous moment as Armstrong says he does nt know,neutral,event_provenance,medium,"The image shows a TV interview desk with a female moderator and a man's back. Deciding whether they are Oprah and Armstrong needs knowledge of their appearance, which is not admissible grounds for a contradiction, and the scene fits an interview. Channel: the photo is from the VP debate (originally Quijano and Pence), a different broadcast occasion."
pilot_seed42,166,163,1604588,1604588,scene_resnet_place,pristine,The Green Port development in Hull is attracting investment from Siemens and Associated British Ports,neutral,n/a,medium,"A CGI rendering shows a dockside plant with turbine components laid out, consistent with the Green Port development, but Hull cannot be verified. On the stricter review pass, the investment claim is unverifiable; this is a generic port rendering that cannot be pinned to Hull."
pilot_seed42,167,149,1282655,1282655,semantics_clip_text_text,pristine,Mark Hughes has been steadily renovating Stoke City since he took over as manager from Tony Pulis in 2013,neutral,n/a,medium,"Mark Hughes is shown applauding at a match. His identity matches, but the claim about renovating the club and his managerial history is not visible content."
pilot_seed42,168,36,1030157,993174,semantics_clip_text_text,falsified,The England captain Alastair Cook says he would be delighted with a 10 Ashes series win,neutral,external_knowledge,medium,"The image shows a batsman raising his bat before a flag-waving crowd. Telling whether he is England's Cook needs cricket face knowledge, and the quoted statement cannot be checked; since fine-grained knowledge is not a visible conflict, the relation label is neutral. Channel: the captain is swapped (the original is Michael Clarke's triple century), which needs cricket face knowledge to detect."
pilot_seed42,169,56,42908,49151,person_sbert_text_text,falsified,Hillary Rodham Clinton speaks at a town hall meeting in Las Vegas on Tuesday,neutral,event_provenance,medium,"Clinton, in an orange jacket, is smiling on stage before a giant flag, which supports her appearance, but the town-hall venue cannot be checked, and the generic stage appearance cannot confirm the named town hall, city, and date. Channel: same candidate, different campaign stop (the original is Kissimmee, Florida on Monday, not a Las Vegas town hall on Tuesday)."
pilot_seed42,170,24,383814,776134,scene_resnet_place,falsified,What if the field looks like this as it did in Philadelphia during the EaglesLions game on Dec 8 during the Super Bowl at MetLife Stadium in East Rutherford NJ,contradiction,visible_conflict,high,"The image is an aerial view of the Canary Wharf towers rising above fog, visibly not a snowy NFL field in Philadelphia. Channel: Canary Wharf in fog (the original scene) is visibly not a snowy Philadelphia NFL field."
pilot_seed42,171,16,346101,407750,person_sbert_text_text,falsified,Randy Travis walks on stage as Brad Paisley and Garth Brooks look on during the Country Music Hall of Fame Medallion Ceremony on Sunday October 16 2016,contradiction,visible_conflict,medium,The single performer with a microphone in a black cap is visibly Garth Brooks smiling; there is no Randy Travis walking on stage with onlookers. Channel: a solo Garth Brooks press-conference shot (the original is his 2014 comeback announcement) conflicts with the claimed three-artist ceremony scene.
pilot_seed42,172,199,91585,91585,scene_resnet_place,pristine,Terrance W Gainer former Senate sergeantatarms and Capitol Police chief is heading security operations for a medicalmarijuana facility that has applied for a license in Hagerstown Md,neutral,n/a,medium,"An older man with a white moustache, wearing a vest, stands in a harvested cornfield. His appearance is consistent with Terrance Gainer, but the security-operations role is not visible content."
pilot_seed42,173,166,96881,96881,semantics_clip_text_text,pristine,Hillary Clinton meets supporters at the Virginia Air and Space Center in Hampton on Wednesday,neutral,n/a,high,"Clinton is face-to-face with a supporter as onlookers take photographs, matching the claim of meeting supporters, but the venue cannot be checked. On the stricter review pass, the named venue (the Air and Space Center) is unverifiable; this is a generic meet-and-greet."
pilot_seed42,174,127,91188,91188,semantics_clip_text_image,pristine,American forward Patrick Kane hits the post as he takes a penalty shot against Finland goaltender Tuukka Rask during the second period,neutral,n/a,medium,"A USA player shoots on a goaltender with the puck in mid-air, matching the penalty-shot claim, but the player's number and the goaltender's identity as Rask are not readable. On the stricter review pass, the named players cannot be read from the image; this is a generic penalty-shot scene."
pilot_seed42,175,188,487478,487478,semantics_clip_text_text,pristine,Lewis Hamilton right celebrates with teammate Nico Rosberg after the pair finished first and second at the Bahrain Grand Prix,entailment,n/a,high,"Rosberg and Hamilton (on the right) shake hands on the podium amid Gulf Air and Bahrain GP branding, matching the one-two finish."
pilot_seed42,176,98,238929,375638,person_sbert_text_text,falsified,Rafael Nadal of Spain in action against Facundo Bagnis of Argentina during their secondround match,neutral,event_provenance,medium,"The image shows Nadal mid-forehand in Wimbledon whites; the named opponent, Bagnis, is not visible, and the player's identity is taken as claimed (identity is not second-guessed at this stage). Channel: it is Nadal but a different opponent and match (the original is against Bellucci, not Bagnis)."
pilot_seed42,177,196,1545407,1545407,semantics_clip_text_image,pristine,Ayman Shaukat was convicted of helping Sajid Aslam travel to join the selfstyled Islamic State in Syria The court heard he had an IS flag above his bed,neutral,n/a,medium,"A bearded man poses in front of an IS flag on a wall, which supports the flag detail; his identity as Shaukat is taken as claimed (identity is not second-guessed at this stage). On the stricter review pass, the conviction claim is the core of the caption and cannot be checked; the image only corroborates the flag detail."
pilot_seed42,178,176,701442,701442,scene_resnet_place,pristine,HSBC and Northern Ireland s First Trust Bank were using a practice prohibited since 2002 the CMA said,neutral,n/a,high,This is a close-up of an HSBC branch sign. The CMA's statement about a prohibited practice cannot be verified from the image alone.
pilot_seed42,179,28,859889,689428,semantics_clip_text_image,falsified,A ladybird sits on a blade of grass of a blooming flower in Kempten Bavaria Germany,neutral,event_provenance,medium,"The image shows a ladybird perched on a green leaf, matching the claim's subject, though it sits on a leaf rather than a blade of grass. The named place, Kempten, is the core falsifiable content, and the location cannot be pinned down from a leaf close-up. Channel: the ladybird photo is from a different place (the original is a harlequin ladybird in Hampstead, London), not Kempten."
pilot_seed42,180,154,387174,387174,person_sbert_text_text,pristine,Pope Francis is greeted by House Speaker John Boehner of Ohio and Vice President Biden on Capitol Hill on Sept 24 2015,entailment,n/a,high,"Pope Francis shakes hands with John Boehner while Biden stands beside them in the House chamber, matching the claim."
pilot_seed42,181,18,447736,736619,scene_resnet_place,falsified,The Parthenon in Athens was designed using the Golden Ratio,neutral,external_knowledge,medium,"The image shows colonnade ruins at sunset with palm trees. Telling the site apart from the Parthenon requires knowledge of the building's appearance, which is not admissible grounds for a contradiction, and the design claim cannot be checked. Channel: the image shows a Palmyra-type Unesco site (per the original caption), and detecting the swap needs landmark knowledge."
pilot_seed42,182,104,955030,955030,person_sbert_text_text,pristine,Wiz Khalifa in Converse All Stars,entailment,n/a,high,"The image shows Wiz Khalifa on the BET Hip Hop Awards carpet wearing Converse All Stars, which matches the claim."
pilot_seed42,183,79,1033241,1089521,semantics_clip_text_image,falsified,Fatal meeting the Ambassador hotel on Wilshire Boulevard on 5 June 1998 30 years to the day after Bobby Kennedy was shot,contradiction,visible_conflict,medium,"The image shows the doorstep of a London townhouse with a British police officer and a woman receiving flowers, visibly not the Ambassador hotel on Wilshire Boulevard. Channel: a London townhouse doorstep with a British police officer (the original is the Blairs' Islington home) is visibly not LA's Ambassador hotel."
pilot_seed42,184,46,517342,808584,scene_resnet_place,falsified,Seville SpainChildren dress up for a school procession on the eve of Holy Week in the Andalusian capital,contradiction,visible_conflict,high,"The image shows pilgrims in white ihram robes with umbrellas in the rain, a hajj scene, visibly not children in Seville in Holy Week costumes. Channel: hajj pilgrims in ihram (the original is rain in Mecca) are visibly not Seville schoolchildren at Holy Week."
pilot_seed42,185,114,1034774,1034774,person_sbert_text_text,pristine,Real Madrid s Gareth Bale celebrates after scoring against Villarreal on his debut in Spain,entailment,n/a,high,"The image shows Bale in Real Madrid white making a heart-hands gesture, with Benzema behind him and Villarreal yellow visible, which matches the debut goal celebration."
pilot_seed42,186,25,880920,497269,semantics_clip_text_image,falsified,Melissa Ann Shepard the black widow is shown in this undated handout photo provided by the Halifax regional police,neutral,external_knowledge,medium,"The image is an old snapshot of a curly-haired woman in a living room, consistent with an undated handout, but her identity cannot be verified (known photos of her show her elderly). Channel: this is a different woman and case (the original is the Nicola Payne missing-person story), which needs knowledge of the case to detect."
pilot_seed42,187,143,1598406,1598406,semantics_clip_text_text,pristine,Stephen Crabb who became Welsh secretary in July criticised Ed Miliband s record with Wales,neutral,n/a,medium,"This is a composite of headshots of a bearded Crabb and of Miliband. Both identities match, but the criticism is a spoken statement and is not visible in the image."
pilot_seed42,188,84,248469,355567,semantics_clip_text_text,falsified,Patriots strong safety Steve Gregory celebrates after intercepting a pass against the Jets on Thanksgiving at MetLife Stadium,contradiction,visible_conflict,high,"The celebrating players wear Eagles green (numbers 25 and 3) at an Eagles-branded stadium, visibly not the Patriots' Steve Gregory. Channel: the Eagles green number 25 celebration (the original is a McCoy touchdown against the Titans) visibly conflicts with the Patriots claim."
pilot_seed42,189,119,888088,888088,scene_resnet_place,pristine,French riot police officers respond to striking employees from a ferry company in Calais yesterday,neutral,n/a,medium,"The image shows French riot police with shields advancing along rail tracks, which matches coverage of the Calais ferry-strike response, but the named ferry-company strike cannot be confirmed from this generic scene of riot police on tracks."
pilot_seed42,190,153,1558361,1558361,scene_resnet_place,pristine,Tazys show off their hunting skills in Kazakhstan,neutral,n/a,medium,"The claimed act of showing off hunting skills, which could have been depicted, is not shown; the dogs simply stand in line with their handlers, so the caption's action is not fully covered by the image (compare sample 127). The case was re-checked under the final version of the annotation rules."
pilot_seed42,191,152,408406,408406,person_sbert_text_text,pristine,President Obama signs the farm bill into law on Feb 7 2014 in East Lansing Mich,entailment,n/a,medium,"The presidential seal anchors which president is signing, and a bill-signing is depicted. Which bill it is and the city are incidental details that need not be shown, under the rule that only readable anchors in the image count as evidence."
pilot_seed42,192,30,1269789,647207,semantics_clip_text_image,falsified,Scottish first minister Alex Salmond suggested the deputy president of the supreme court Lord Hope has ignored the views of most Scottish judges,neutral,external_knowledge,low,"The image shows a smiling bearded judge in robes with a wigged barrister behind him; his identity as Lord Hope cannot be verified, and Salmond's remark is not visible. Channel: the judge is swapped (the original is Queensland chief justice Tim Carmody), which needs face and role knowledge to detect."
pilot_seed42,193,125,1445600,1445600,semantics_clip_text_image,pristine,Wallace Hartley was born in Colne Lancashire,neutral,n/a,medium,The image is an Edwardian-era black-and-white portrait of a young man consistent with Wallace Hartley; the birthplace claim is external knowledge.
pilot_seed42,194,147,797924,797924,scene_resnet_place,pristine,Guryong slum in Seoul South Korea located near the wealthy Gangnam district,entailment,n/a,medium,A narrow shanty alley with tangled wiring and Korean signage matches the description of the Guryong slum; the proximity to Gangnam is not visible.
pilot_seed42,195,183,576403,576403,scene_resnet_place,pristine,NHS workers protesting at the Conservative party conference in Manchester last October,entailment,n/a,medium,"A medic in scrubs with a stethoscope raises a fist beside a megaphone and NHS banners, matching an NHS protest; the venue cannot be checked."
pilot_seed42,196,190,232837,232837,semantics_clip_text_text,pristine,A Komondor named Chauncey waits to compete at the Westminster Kennel Club show in New York,neutral,n/a,medium,"A corded Komondor is visible, but identifying which dog show this is would require recognising the event, which is not allowed as evidence; the named dog is unverifiable, and similar photos could come from different occasions. The case was re-checked under the final version of the annotation rules."
pilot_seed42,197,20,259789,502686,scene_resnet_place,falsified,Community members separated into small groups during the Kalamazoo Community Prayer Service Sunday at Centerpoint Church,contradiction,visible_conflict,low,"The image shows a large badged audience seated lecture-style in an auditorium, which conflicts with people 'separated into small groups' at a church prayer service. Channel: a packed single-room seated audience (the original is the ICHEP Higgs seminar) conflicts with the small-groups prayer service description."
pilot_seed42,198,172,337799,337799,scene_resnet_place,pristine,A voter poses with her voting sticker in Canton Ohio,entailment,n/a,medium,"A smiling woman wears an 'I heart VOTING' button with an Ohio-shaped heart, which supports the claim, though it is a button rather than a sticker."
pilot_seed42,199,170,700477,700477,semantics_clip_text_image,pristine,Former Virginia governor Bob McDonnell center,entailment,n/a,high,"Three suited men walk outdoors; the silver-haired man in the centre matches Bob McDonnell, which fits the caption's 'center'."
pilot_seed42,200,45,59037,803490,person_sbert_text_text,falsified,Rafael Nadal reacts during his match against Denis Istomin on Monday,neutral,event_provenance,medium,"Nadal is serving beneath court lettering that reads BEIJING; his playing is visible, but the opponent and the 'reacts' moment cannot be checked. The named opponent, Istomin, is not visible, and the BEIJING signage pins the venue but not the match. Channel: it is Nadal but a different match (the original is against Fognini in the 2015 China Open semi-final, not Istomin)."
formal_seed43,1,449,778581,778581,semantics_clip_text_image,pristine,Marion Cotillard can be relied upon for sexy chic combined with a certain Gallic hauteur Here she wears Christian Dior naturellement,entailment,n/a,medium,"A woman in an elegant dark-green gown on a red carpet is shown, her identity taken as claimed. The descriptive outfit caption is fully depicted; the Dior attribution is a brand detail that is not readable in the image."
formal_seed43,2,225,352069,379845,person_sbert_text_text,falsified,LeBron James drives to the bucket past Al Jefferson for two of his 61 points,entailment,event_provenance,medium,"A player with readable CAVS 23 drives to the basket past a red Atlanta defender; both participants are in frame and the action is depicted. The 61-point statistic is exempt from checking, and checking the defender against a roster would need player knowledge, which is not allowed. Channel: the same person (LeBron James), but a different game."
formal_seed43,3,370,481811,481811,semantics_clip_text_image,pristine,Nemanja Vidic and Fernando Torres tangle,entailment,n/a,high,"Players in Manchester United red (with the AON sponsor) and Chelsea blue are tangling. Both named players are taken to be present as claimed, the action is depicted, and the caption names no specific occasion."
formal_seed43,4,440,1224942,1224942,semantics_clip_text_image,pristine,Players such as Somerset s James Hildreth could be divided into six regional sides under proposals to restructure Twenty20 in this country,neutral,n/a,high,"A Twenty20 batsman and wicketkeeper are visible, but the core of the claim is a restructuring proposal. The content of that statement cannot be checked against the image."
formal_seed43,5,296,1042878,1638452,person_sbert_text_text,falsified,Michael Owen trains with the rest of the Manchester United squad at Bukit Jalil Stadium in Kuala Lumpur,contradiction,visible_conflict,high,"The image is a young couple's selfie; there is no training, no squad and no stadium. This conflicts outright with the claimed football training scene. Channel: the relation is contradiction, so the channel is visible conflict by definition."
formal_seed43,6,224,1450329,249005,semantics_clip_text_text,falsified,A satellite image showing three cyclones near Australia with Pam to the northeast,contradiction,visible_conflict,medium,"The caption says three cyclones, but only two organised cyclone spirals are visible in the satellite view, a conflict of count. Channel: the relation is contradiction, so the channel is visible conflict by definition."
formal_seed43,7,233,214345,51828,person_sbert_text_text,falsified,Seth MacFarlane presents Best Musical Theater Album to Hamilton during the 58th Grammy Awards at the Staples Center,contradiction,visible_conflict,medium,"Three musicians are mid-performance with guitars, which conflicts with presenting an award at a ceremony, a conflict of action and scene. Channel: the relation is contradiction, so the channel is visible conflict by definition."
formal_seed43,8,387,1267313,1267313,semantics_clip_text_text,pristine,Bulletridden Syria Street bisects the rival neighbourhoods of Bab alTabbaneh and Jabal Mohsen,neutral,n/a,medium,"War-scarred, bullet-pocked buildings are visible, but nothing readable ties the scene to the named street or neighbourhoods. It is a generic conflict-zone scene."
formal_seed43,9,376,1592221,1592221,semantics_clip_text_text,pristine,Dick Balharry and his wife Adeline receive the award from RSGS chairman Roger Crofts,entailment,n/a,medium,"The image shows three elderly people, one handing over a small medal box with a handshake, which matches a couple receiving an award from a chairman. The RSGS name is not readable anywhere, but the award-giving act itself is shown."
formal_seed43,10,336,399026,238013,person_sbert_text_text,falsified,Republican presidential candidate Donald Trump speaks during a campaign rally,neutral,event_provenance,medium,"Readable TRUMP PENCE signs tie the rally to Trump, but the claimed act of speaking is not captured - he is walking across the stage. A borderline call. Channel: same person (Trump) and same type of activity, but a different rally."
formal_seed43,11,316,557061,566695,person_sbert_text_text,falsified,Julian Assange at the Ecuadorian embassy The WikiLeaks founder is calling for the threat of arrest to be lifted,neutral,event_provenance,medium,"The man is taken to be Assange as claimed, shown beside a readable newspaper headline about the Afghan leak. But nothing shows the embassy setting, and the statement about the arrest threat cannot be checked from the image. Channel: same person (Assange), but a different occasion and venue."
formal_seed43,12,467,444045,444045,person_sbert_text_text,pristine,The old onetwo Mike Tyson and Helen Mirren at the Golden Globe awards,entailment,n/a,medium,"An odd-couple pair, a woman in green and a man with a face tattoo in a tuxedo, appears at an HBO-branded event. The caption identifies the pictured pair, and the Golden Globes detail is accepted along with it."
formal_seed43,13,428,1024091,1024091,person_sbert_text_text,pristine,Snapshot Leeroy Murray aged two holding his mother Nora s hand on Hampstead Heath with his brothers Johnny and Peter and father John in 1947,entailment,n/a,medium,"This is a black-and-white 1940s park snapshot of a father, three small children, and a mother. The number of people and the era both match the family-snapshot caption."
formal_seed43,14,212,894768,1268807,semantics_clip_text_image,falsified,David Rowntree the Blur drummer said the legal aid plans meant people would be represented by underqualified inexperienced lawyers,contradiction,visible_conflict,medium,"The caption identifies the subject as the Blur drummer, but the posed studio portrait with two cellos depicts a cellist, a conflict of instrument and role reached without using facial recognition. Channel: the relation is contradiction, so the channel is visible conflict by definition."
formal_seed43,15,450,419502,419502,person_sbert_text_text,pristine,Republican presidential candidate Donald Trump speaks after being introduced by Arizona State Treasurer Jeff DeWitt Maricopa County Sheriff Joe Arpaio and former Arizona Gov Jan Brewer,entailment,n/a,medium,"Trump in a MAGA cap is shown speaking at a podium with a readable 'TRUMP' sign, with three officials on stage. The subject is anchored and the speaking act is depicted; the introducers' identities are taken as claimed."
formal_seed43,16,400,1030441,1030441,semantics_clip_text_text,pristine,People feel rising food prices says Brown whereas rising CO2 is intangible,neutral,n/a,high,"The image shows bread loaves in baskets. Brown's statement about food prices cannot be checked against the image, which is illustrative only."
formal_seed43,17,379,50775,50775,person_sbert_text_text,pristine,Andrew MedichiniAssociated Press Pope Francis celebrates a Mass in St Peter s Basilica at the Vatican Saturday Nov 23 2013,entailment,n/a,medium,"A pope in papal vestments, clothing that anchors the role, is celebrating at an ornate basilica lectern, so the Mass is depicted. The date is an incidental extra detail."
formal_seed43,18,482,414078,414078,semantics_clip_text_image,pristine,Nick Lehman president of digital for NBCUniversal talks about their new fitness brand Radius at SXSW,neutral,n/a,medium,"The image shows an outdoor group fitness class. The claimed act, the executive talking about the brand at SXSW, is not shown, but there is no conflict either."
formal_seed43,19,417,744484,744484,person_sbert_text_text,pristine,Nick Clegg at a meeting of European liberal leaders where he denied David Cameron had exercised a veto at the EU,neutral,n/a,medium,"A figure resembling Clegg appears with two officials at a press conference. But nothing anchors the specific meeting of European liberal leaders, and the denial statement cannot be checked against the image."
formal_seed43,20,231,1054014,463650,semantics_clip_text_text,falsified,Australian coach Darren Lehmann speaks with Shane Watson during the training session at the MCG,contradiction,visible_conflict,high,"The image shows rugby-league training kit, maroon Broncos shirts with a sportingbet sponsor, and no cricket equipment, which conflicts with the cricket training claim. Channel: the relation is contradiction, so the channel is visible conflict by definition."
formal_seed43,21,423,167216,167216,person_sbert_text_text,pristine,Clinton and Sanders during the singing of the national anthem,entailment,n/a,medium,"The two named candidates, identities taken as claimed, stand with hands on chest on a CNN-branded debate stage. The anthem posture is depicted, and the readable CNN text anchors the type of occasion."
formal_seed43,22,455,949533,949533,person_sbert_text_text,pristine,Nigel Farage at the European council meeting in Brussels,neutral,n/a,medium,"This is a close-up of a man resembling Farage facing another person. The named European council occasion has no readable anchor, and the scene is a generic press scrum."
formal_seed43,23,326,1140490,176837,scene_resnet_place,falsified,A mountain in the Hellas region of Mars one of the features now thought to be glaciers blanketed with debris,neutral,event_provenance,medium,"The image is a grey terrain mosaic with target crosses, from spacecraft imagery. Which celestial body it shows cannot be told from the image alone, and the place claim is the heart of the caption. Channel: space-mission imagery, but a different body and mission - Mars is claimed while the image is from a comet lander."
formal_seed43,24,303,1188192,206001,semantics_clip_text_image,falsified,Maggot art created at Pestival a festival about insects on London s South Bank,contradiction,visible_conflict,medium,"The image shows a live bee standing on honeycomb, which is visibly not maggot-made art - the subject conflicts with the claim. Channel: the relation is contradiction, so the channel is visible conflict by definition."
formal_seed43,25,385,144352,144352,scene_resnet_place,pristine,Mexican troops arrive in San Antonio on Sept 8 2005 with aid for Hurricane Katrina victims,neutral,n/a,medium,"The image shows a military truck convoy with soldiers jogging alongside, so an arrival with aid is depicted in a generic way. But nothing ties it to the specific Katrina relief occasion in San Antonio."
formal_seed43,26,325,1650375,754576,scene_resnet_place,falsified,The deaths occurred at the Cesalet retirement home in JacobBellecombette,contradiction,visible_conflict,high,"The signage is readable: a Marriott Waltham Abbey hotel with a UK POLICE van, which conflicts with the claimed French retirement home. Channel: the relation is contradiction, so the channel is visible conflict by definition."
formal_seed43,27,214,345172,94918,semantics_clip_text_image,falsified,Debbie Smith of Williamsburg Va and her husband Rob,entailment,external_knowledge,medium,"A posed couple stands at night with a Washington DC backdrop; the caption naming a husband and wife is fully covered once their identities are taken as claimed (identity is not second-guessed at this stage). Channel: the people are substituted, with the named couple claimed but a different individual (Dodd) depicted."
formal_seed43,28,472,94121,94121,person_sbert_text_text,pristine,Comedian Trevor Noah in an undated photo REUTERSCourtesy Comedy Central,entailment,n/a,medium,"This is a studio portrait of a smiling man in a blue suit. The caption simply identifies him, and the credit details cannot be verified from the image alone and are not held against it, so the caption is fully covered."
formal_seed43,29,434,1514842,1514842,semantics_clip_text_image,pristine,Alicja Gruszka in the UK,entailment,n/a,medium,"A woman with an umbrella stands before the base of Nelson's Column and a Trafalgar Square lion, unique landmarks that anchor the UK setting. That covers this simple identity-and-place caption."
formal_seed43,30,391,772936,772936,semantics_clip_text_text,pristine,Hotbed of greed lust and prejudice Timothy Speyer Eileen Atkins and David Rintoul in The Witch of Edmonton,entailment,n/a,medium,"Three named actors in period costume are on stage, and a cast of three together pins down the production still (compare sample 105). The play's title is accepted along with it."
formal_seed43,31,418,426593,426593,semantics_clip_text_image,pristine,Cincinnati Bengals wide receiver AJ Green catches a pass against Arizona Cardinals cornerback Patrick Peterson during the first quarter at University of Phoenix Stadium,entailment,n/a,high,A Bengals receiver making a leaping catch against a Cardinals defender in red is shown. Both team kits are identifiable and the catch is depicted; the named players' identities are taken as claimed.
formal_seed43,32,443,1657977,1657977,semantics_clip_text_text,pristine,At a rally to protest against his conviction Silvio Berlusconi appeared with his girlfriend Francesca Pascale,entailment,n/a,medium,"A man resembling Berlusconi waves at a microphone with a young woman behind him, and a readable 'Via del Plebiscito' street sign (in Rome) anchors the rally scene. Both the pair and the speech are depicted."
formal_seed43,33,255,379929,105942,person_sbert_text_text,falsified,Eddie Redmayne who beat frontrunner Michael Keaton for the best actor trophy posed with new wife Hannah Bagshawe,contradiction,visible_conflict,medium,"The caption says he posed with his new wife, but only a single man appears in the frame on the carpet - the wife is absent, so the number of people conflicts with the claim. Channel: the relation is contradiction, so the channel is visible conflict by definition."
formal_seed43,34,348,39323,59340,semantics_clip_text_text,falsified,Donald Trump speaks during a campaign rally March 11 in St Louis,neutral,external_knowledge,medium,"A white-haired man speaks at a rally in front of a flag. There is no readable detail confirming Trump - confirming or ruling out the subject would need face knowledge - and the named city and date are not pinned down. Channel: the politician is substituted - a Trump rally is claimed, but a Sanders town hall is depicted."
formal_seed43,35,492,95311,95311,scene_resnet_place,pristine,Greenhouses or plasticulture in Almeria Spain June 30 2015,entailment,n/a,medium,"The aerial mosaic of dense white greenhouses exactly matches the plasticulture description. This is a descriptive landscape caption, and the place and date are incidental extra details."
formal_seed43,36,274,286141,745251,semantics_clip_text_image,falsified,Brown channeled his inner Michael Jackson in a performance for NBC s Today show in June 2008,neutral,external_knowledge,medium,"The image shows a man in an African-print shirt singing on an outdoor festival stage. The claimed Michael Jackson-style TV-show performance is not depicted, and there is no readable detail that conflicts with it. Channel: the performer is substituted - a different musician (Femi Kuti) is depicted."
formal_seed43,37,397,426424,426424,semantics_clip_text_image,pristine,Tennessee State University track coach Ed Temple right is talking to the Nashville Exchange Club April 6 1982 about the upcoming fifth annual Tigerbelle Relays at his track,entailment,n/a,high,"This black-and-white podium scene has a readable Exchange Club banner, and the man on the right talking and shaking hands matches the caption. The photo's era is consistent with 1982."
formal_seed43,38,353,503710,503710,person_sbert_text_text,pristine,Douglas Carswell and Nigel Farage in happier times,entailment,n/a,high,"Two laughing men stand under a readable UKIP umbrella. The pair, the party connection and the 'happier times' mood are all depicted."
formal_seed43,39,302,243344,1010654,scene_resnet_place,falsified,Japanese plum chocolates made of dark chocolate ganache with plum wine are prepared in New York,neutral,event_provenance,medium,"The image shows retail gift boxes of chocolate bars. The claimed preparation scene and the plum-specific details are not depicted, but nothing directly conflicts either. Channel: chocolate product imagery, but a different product, brand and place."
formal_seed43,40,263,262302,394881,semantics_clip_text_image,falsified,Aug 12 Umpire Ron Kulpa ejects Texas Rangers catcher AJ Pierzynski during the sixth inning against the Houston Astros at Minute Maid Park,contradiction,visible_conflict,high,"A Toronto Blue Jays logo is readable on the arguing player's jersey, which conflicts with the claimed Rangers-versus-Astros ejection. Channel: the relation is contradiction, so the channel is visible conflict by definition."
formal_seed43,41,425,1256965,1256965,semantics_clip_text_text,pristine,Volunteer William Forey at food bank in Drumchapel Glasgow,entailment,n/a,medium,"A man sorting tinned food in a well-stocked pantry fully depicts the volunteer-at-a-food-bank scene. His name is taken as claimed, and the place is an incidental extra detail."
formal_seed43,42,357,1203668,1203668,semantics_clip_text_text,pristine,A man holds a placard that reads I am Charlie let s not forget the victims of Boko Haram outside the French embassy in Abidjan,entailment,n/a,high,The placard's text is readable and matches the claim - 'JE SUIS CHARLIE' and 'n'oublions pas les victimes de Boko Haram' - and it is held aloft in a crowd.
formal_seed43,43,493,1532911,1532911,semantics_clip_text_image,pristine,Left to right top Cynthia Hurd Clementa Pinckney Sharonda ColemanSingleton Tywanza Sanders Left to right bottom Ethel Lance Depayne MiddletonDoctor Susie Jackson Daniel Simmons Sr,entailment,n/a,medium,"A grid of eight portraits in two rows of four matches the eight named individuals. The layout described in the caption is covered, and the identities are taken as claimed."
formal_seed43,44,322,431974,246682,semantics_clip_text_image,falsified,Rafa CabreraBello plays a shot on the 10th hole during the first round of the 2016 PGA Championship at Baltusrol Golf Club in Springfield NJ,neutral,external_knowledge,medium,"Only a hand and a club emerge from the bunker. Playing a shot is depicted, but the player is hidden and nothing confirms the named tournament or hole. Channel: the golfer is substituted - Cabrera-Bello is claimed but Jacobson is depicted."
formal_seed43,45,399,682741,682741,semantics_clip_text_text,pristine,An Afghan girl whose family fled the Sovietled war in Afghanistan carries a basin as she walks towards her makeshift shelter in a slum on the outskirts of Islamabad,entailment,n/a,medium,"A girl is shown carrying a large basin on her head through a muddy slum lane, so the described scene is fully depicted. The refugee backstory is background detail that cannot be verified from the image alone."
formal_seed43,46,475,222938,222938,scene_resnet_place,pristine,Cal Fire strike crews battle the King Fire in El Dorado County near Fresh Pond Calif,neutral,n/a,medium,"Two wildland firefighters are shown in smoke. It is a generic wildfire scene, and at thumbnail size nothing anchors the named King Fire or the Cal Fire attribution."
formal_seed43,47,500,766783,766783,person_sbert_text_text,pristine,Ed Miliband responds to George Osborne s 2015 budget,neutral,n/a,medium,"A figure resembling Miliband stands at the Commons dispatch box with the green benches visible, so a response in the Commons is depicted in a generic way. But no readable text anchors the subject, and the budget occasion is not pinned down."
formal_seed43,48,208,410133,373027,semantics_clip_text_text,falsified,Passengers will find supersized NFL graphics at Mineta San Jose International Airport,contradiction,visible_conflict,high,"A readable roadside sign says WYOMING WELCOMES YOU with a Devils Tower graphic, which conflicts with the claim of NFL graphics at San Jose airport. Channel: the relation is contradiction, so the channel is visible conflict by definition."
formal_seed43,49,265,130269,865200,scene_resnet_place,falsified,Pentagon s video of overnight strikes against Islamic State,contradiction,visible_conflict,medium,"The image shows Marines walking toward an Osprey aircraft on a sunlit deck, which is visibly not a frame from a Pentagon strike video - the scene type conflicts with the claim. Channel: the relation is contradiction, so the channel is visible conflict by definition."
formal_seed43,50,335,568228,1071772,semantics_clip_text_text,falsified,It was just a flesh wound Larry Clark Photograph courtesy of the artistSimon Lee Gallery LondonLuhring Augustine New York,neutral,external_knowledge,medium,"The image shows a theatrical lucha-libre wrestling bout. The caption's artwork attribution cannot be verified from the image alone, and nothing readable conflicts with it. Channel: the artist and work are substituted - a Larry Clark photograph is claimed, but a different gallery subject is depicted."
formal_seed43,51,390,505846,505846,person_sbert_text_text,pristine,Tony Abbott and Asio s director general of security Duncan Lewis speaking at the photo op,entailment,n/a,medium,"Suited officials are shown briefing at a table in front of a readable Syria/Iraq security map, so the photo-op setup is depicted. The named pair's identities are taken as claimed (identity is not second-guessed at this stage)."
formal_seed43,52,250,868443,1130011,scene_resnet_place,falsified,Lawyers for Palestinian authority argue that group does not have money to compensate Americans affected by attacks between 2002 and 2004,neutral,external_knowledge,medium,"Two Union Jack flags fly against the sky. The statement about the compensation lawsuit cannot be checked from the image, and the illustration is unrelated but not in conflict. Channel: an unrelated subject is depicted (an Olympic handover party) rather than the claimed legal-compensation story."
formal_seed43,53,281,121983,349906,scene_resnet_place,falsified,Marines with Charlie Battery 10th Marine Regiment 2nd Marine Division fire a 155mm Howitzer as part of a simulated fire mission at Fort Bragg NC,contradiction,visible_conflict,medium,"The image shows a foot patrol with rifles on a dusty road, with no howitzer or artillery anywhere. The claimed 155mm fire mission conflicts with the activity actually depicted. Channel: the relation is contradiction, so the channel is visible conflict by definition."
formal_seed43,54,477,379422,379422,person_sbert_text_text,pristine,Group B Robin van Persie scores one of his two goals on an incredible diving header during the Netherlands 51 rout of Spain,entailment,n/a,high,"A player in the dark Netherlands kit is shown mid-air scoring a diving header, with Spain in white behind. The action and both kits match the caption; the score statistics cannot be verified from the image alone and are not held against it."
formal_seed43,55,239,929555,619306,semantics_clip_text_image,falsified,Private Eye s Barry Fantoni the writer and cartoonist behind some of its most famous characters including EJ Thribb has retired,contradiction,visible_conflict,high,"The image is a close-up of a curly-haired man in glasses and a suit, which is visibly not a live-fire military exercise, a total conflict of scene. Channel: the relation is contradiction, so the channel is visible conflict by definition."
formal_seed43,56,481,967380,967380,semantics_clip_text_image,pristine,Nate Diaz is declared the victor as Conor McGregor reflects on a cruel night,entailment,n/a,high,"The referee raises one shirtless fighter's arm while the tattooed opponent looks down, so the declared-victor scene is exactly depicted. A one-off bout interaction like this pins down the pair."
formal_seed43,57,484,384667,384667,semantics_clip_text_text,pristine,Kiss clockwise from top Gene Simmons Eric Singer Paul Stanley and Tommy Thayer will play a Las Vegas residency at The Joint inside Hard Rock Hotel Casino in November,entailment,n/a,medium,"Four musicians appear in full signature Kiss costume and makeup, distinctive attire that may be used as evidence, and their number matches. The Las Vegas residency is a statement about the future and an incidental extra detail."
formal_seed43,58,271,841812,1566746,semantics_clip_text_text,falsified,Lydd and New Romney Not much happens,neutral,event_provenance,medium,"The image shows a brick cottage behind a hedge, which fits the sleepy-village mood, but the two named towns are the heart of the caption and nothing confirms them - this could be any rural spot. Channel: a British rural place and building, but a different location from the one named."
formal_seed43,59,241,366430,358926,semantics_clip_text_text,falsified,Oregon Ducks running back Byron Marshall celebrates a first down during the second quarter against the Ohio State Buckeyes in the 2015 CFP National Championship Game at AT T Stadium,contradiction,visible_conflict,high,"Readable NFL kits are shown: Cowboys players in star helmets (numbers 93 and 30) gang-tackle the Packers player MONTGOMERY 88, which conflicts with the claimed Oregon against Ohio State college game. Channel: the relation is contradiction, so the channel is visible conflict by definition."
formal_seed43,60,252,455652,305536,scene_resnet_place,falsified,The America s Cup defending team Alinghi of Switzerland sails during a training session off the coast of Valencia,contradiction,visible_conflict,medium,"The image shows racing catamarans in front of the San Francisco skyline, with the Transamerica Pyramid visible as a unique landmark. This conflicts with the caption's claim that the scene is off the coast of Valencia. Channel: the relation is contradiction, so the channel is visible conflict by definition."
formal_seed43,61,244,596464,113324,semantics_clip_text_image,falsified,Shay Given the Republic of Ireland goalkeeper fails to stop Fernando Torres scoring Spain s first goal,neutral,external_knowledge,medium,"A goalkeeper in green sprawls as an opponent in red jumps; the named goalkeeper and scorer are not anchored, and the scoring moment itself is not captured. Channel: the goalkeepers and teams are substituted, with Given and Torres claimed but Neuer against Ghana depicted."
formal_seed43,62,404,208735,208735,semantics_clip_text_text,pristine,Senate Minority Leader Harry Reid speaks to reporters on Capitol Hill on March 24 2015 following a policy luncheon,entailment,n/a,medium,"A senator in dark glasses stands at a lectern bearing the Senate seal, flanked by colleagues, with a group of reporters in a Capitol corridor. The seal anchors the role (compare the presidential-seal rule), speaking to reporters is depicted, and the date is an incidental extra detail."
formal_seed43,63,367,816599,816599,semantics_clip_text_image,pristine,James Jordan s last partner on Strictly Come Dancing was Vanessa Feltz They were eliminated after a tango in week three,neutral,n/a,high,The image is a promotional portrait with crossed arms. The dance-partner history is a biographical statement that cannot be checked from the image.
formal_seed43,64,308,1268845,1250289,scene_resnet_place,falsified,Houses in Newham east London where the equivalent of one home on every street is at risk of being repossessed,neutral,event_provenance,medium,"The image shows a sunny street of continental-style balconied buildings. The repossession statistic is the heart of the caption and cannot be shown, and nothing confirms the named borough. Channel: urban housing imagery, but a different city and country."
formal_seed43,65,337,985251,441428,scene_resnet_place,falsified,People gather in Atlanta Georgia,neutral,event_provenance,medium,"The image shows an excited parade crowd behind a barricade. Once the place name is set aside, all that remains of the caption is 'people gather', which is too thin to verify, and nothing confirms the place. Channel: a crowd gathering, but a different city and event - Atlanta is claimed while the image shows the New York Thanksgiving parade."
formal_seed43,66,311,243880,74589,semantics_clip_text_image,falsified,Jacksonville Jaguars tight end Clay Harbor gets ready to stiff arm Cleveland Browns linebacker Barkevious Mingo after catching a pass in the second quarter of their game at EverBank Field,contradiction,visible_conflict,high,"The image readably shows Broncos orange jerseys (number 95, TREVATHAN 59) against Panthers black (number 70) in a Super Bowl scene, which conflicts with the claimed Jaguars-versus-Browns game. Channel: the relation is contradiction, so the channel is visible conflict by definition."
formal_seed43,67,243,1082668,415214,person_sbert_text_text,falsified,Chris Froome tells fans to move out of the way as he races up the Col de Soudet,neutral,temporal_provenance,medium,"A cyclist in the yellow jersey races past barriers in a tuck; the claimed act of telling fans to move is not captured, and no fans block the road in the frame. Channel: the same person (Froome) in the same Tour de France, but a different stage and date."
formal_seed43,68,358,573564,573564,person_sbert_text_text,pristine,Steven Gerrard and Wayne Rooney in action together for England,entailment,n/a,high,"Two players in England white shirts, numbers 4 and 10, laugh together on the pitch. The pair, the kits and the numbers are all shown; the caption names no specific occasion to pin down."
formal_seed43,69,301,1222462,1134689,semantics_clip_text_text,falsified,Jose Mourinho believes his current crop of players at Chelsea possess big potential but also have lots to learn tactically,contradiction,visible_conflict,medium,"A corner flag with the Barcelona crest and a 'WINNERS UEFA CHAMPIONS LEAGUE 2015' banner are readable in the image, while the caption is about Mourinho's Chelsea squad. The readable text points to the wrong subject. Channel: the relation is contradiction, so the channel is visible conflict by definition."
formal_seed43,70,230,381728,411396,scene_resnet_place,falsified,Samsung shows off its Gear S smartwatch at the Consumer Electronics Show in January,neutral,external_knowledge,medium,"Two square-faced smartwatches sit on a table. Identifying the brand and model would require product-recognition knowledge, which is not allowed as evidence, and the CES venue is not pinned down. Channel: the product and brand are substituted, with the Samsung Gear S claimed but an Apple Watch depicted."
formal_seed43,71,415,46475,46475,scene_resnet_place,pristine,Thousands gather on the Mall for the Justice or Else rally,entailment,n/a,high,"A vast crowd on the National Mall is shown with the Washington Monument, a unique landmark that anchors the location. 'Thousands gather' is fully depicted, and the rally's name is an incidental extra detail."
formal_seed43,72,382,1058777,1058777,semantics_clip_text_image,pristine,Warren Mitchell in Till Death Us Do Part 1981,neutral,n/a,medium,"The image shows an elderly actor with a rosette doffing his hat by a pier. Identifying the named 1981 show would require recognising the work itself, which is not allowed, and a single actor alone does not pin down a production."
formal_seed43,73,430,227169,227169,semantics_clip_text_text,pristine,Masters of Sex is ideally cast anchored by fullbodied performances from Michael Sheen and Lizzy Caplan as William Masters and Virginia Johnson,entailment,n/a,medium,"Both named leads are in frame, a white-coated doctor and a woman in a 1950s office, and a cast pair together pins down the production still (compare sample 105). The staging is consistent with the show."
formal_seed43,74,363,1662822,1662822,semantics_clip_text_image,pristine,The Sussex hedge which briefly housed the stilllife by Cezanne,neutral,n/a,medium,"The image shows a generic roadside hedge with a parked car. The Cezanne story that identifies the hedge cannot be shown in a picture, and any photo of a hedge would fit equally well - the image is replaceable."
formal_seed43,75,405,142195,142195,scene_resnet_place,pristine,Workers prepare chickens at the AIA factory in San Martino near Verona Italy,entailment,n/a,medium,"Gloved workers are shown handling crated raw chickens in a factory, so the preparation scene is fully depicted. The factory's name and location are incidental extra details."
formal_seed43,76,459,758118,758118,scene_resnet_place,pristine,Trevithick Day Steam Fair Each year there s a steam fair and vintage vehicle festival in Central Park,entailment,n/a,medium,"A black traction engine with a number plate stands on fairground grass, so the steam-fair scene is depicted. The event and place names are incidental extra details."
formal_seed43,77,232,65584,906455,scene_resnet_place,falsified,Police escort a woman away from the scene as an operation takes place in the Molenbeek district of Brussels,contradiction,visible_conflict,medium,"British police in custodian helmets and forensic officers stand at a doorway; the UK police attire conflicts with an operation in the Molenbeek district of Brussels, and no woman is being escorted. Channel: the relation is contradiction, so the channel is visible conflict by definition."
formal_seed43,78,413,1023960,1023960,person_sbert_text_text,pristine,Bill Graham gestures from backstage at Tina Turner and Mick Jagger play Live Aid,entailment,n/a,medium,"Two performers are shown intertwined on stage, with a figure gesturing in the background. The interaction between the pair pins down the occasion, and the gesturing backstage figure's identity is taken as claimed."
formal_seed43,79,364,1674813,1674813,scene_resnet_place,pristine,Some Chinese nationals evacuated from Libya were taken to Greece,entailment,n/a,high,"Asian evacuees with luggage descend a ship's gangway while a Chinese-style officer directs them, and a readable Greek flag in the foreground confirms Greece."
formal_seed43,80,372,413274,413274,semantics_clip_text_image,pristine,Oklahoma City Thunder forward Mitch McGary and Phoenix Suns forward Marcus Morris dive for the ball during the first quarter,entailment,n/a,high,"A white jersey readably marked 'McGARY 33' is on the floor scrambling with a grey-kitted opponent for the ball. The dive for the ball is depicted, and the name is confirmed by readable text."
formal_seed43,81,378,1547586,1547586,semantics_clip_text_image,pristine,France represented by Francois Hollande has been a strong advocate of recognising the killings as genocide,neutral,n/a,medium,"The image shows a suited man with an honor guard. An advocacy stance cannot be verified from the image alone, and nothing readable ties the scene to France or Hollande; a similar scene with someone else would fit just as well, so the relation label is neutral."
formal_seed43,82,304,864213,1485796,person_sbert_text_text,falsified,Bourne again Apparently not Paul Greengrass,neutral,event_provenance,medium,"Three people are shown at an event. The named director's identity is taken as claimed, but there is no readable detail or distinctive interaction to pin the occasion - any party photo would fit - so the relation label is neutral. Channel: same person (Greengrass) and same franchise, but a different occasion and article."
formal_seed43,83,209,509225,927378,semantics_clip_text_text,falsified,Ecca Vandal is Gasometer resident performer throughout the month of March,neutral,external_knowledge,medium,"The caption is about a resident performer, but the image shows a floral dog sculpture; the performer is simply absent, and absence is not a visible conflict, so the relation label is neutral. Channel: a different entity is depicted (a Koons topiary sculpture) than the claimed performer."
formal_seed43,84,211,193428,1489444,scene_resnet_place,falsified,The identities of the attackers were not released by police Israeli media citing security officials said the assailants were cousins from a Palestinian village near Hebron in the West Bank,neutral,event_provenance,high,"The caption is a report-style claim about identities and police statements, which cannot be depicted; the street scene with an armored vehicle is consistent but carries no anchor, so the relation label is neutral. Channel: a Middle East street or conflict scene from a different place, with Hebron claimed but Tripoli depicted."
formal_seed43,85,254,910850,261210,person_sbert_text_text,falsified,Real Madrid s Cristiano Ronaldo the fastest man to 100 goals in La Liga scores his 101st his second against Real Sociedad,neutral,event_provenance,medium,"Borderline case: judging that the red shirt does not match Real Madrid would need knowledge of team kits, which is not allowed, and the claimed scoring action is not shown - the image is only a close-up with eyes closed - so the relation label is neutral. Channel: same person (Ronaldo), different match - a club game is claimed but the photo is from national-team play."
formal_seed43,86,278,43889,868171,scene_resnet_place,falsified,A bell at St Peter s Basilica rings as white smoke rises from the chimney on the roof of the Sistine Chapel at the Vatican,contradiction,visible_conflict,high,"The caption describes an outdoor rooftop scene - a basilica bell and white smoke rising from a chimney - but the image shows an interior spiral staircase. The scene types conflict. Channel: the relation is contradiction, so the channel is visible conflict by definition."
formal_seed43,87,371,132422,132422,scene_resnet_place,pristine,A Red Line train arrives at the Metro Center station last month in this file photo,neutral,n/a,medium,"Borderline case: a DC-style metro vault with an arriving train matches the described scene, but nothing confirms the station is Metro Center - any similar station would fit - so the relation label is neutral."
formal_seed43,88,248,858376,1520154,scene_resnet_place,falsified,Thousands of acres of parkland in London and landmarks including Trafalgar Square and Parliament Square should become smokefree zones a report has said,neutral,external_knowledge,medium,"The caption is a report of what a study said about London parks; the image, a portrait with a Facebook logo in sunglasses, is unrelated, but the caption asserts no scene of its own, so there is no positive conflict and the relation label is neutral. Channel: an unrelated subject is depicted (Facebook connectivity) rather than the claimed London parks report."
formal_seed43,89,218,372584,347383,person_sbert_text_text,falsified,Martin Shkreli is seen on a TV as he invokes his 5th amendment rights,contradiction,visible_conflict,high,"The caption says the subject is seen on a TV, but the image is a direct outdoor photo taken in a media scrum, a visible conflict of medium and scene. Channel: the relation is contradiction, so the channel is visible conflict by definition."
formal_seed43,90,491,1130644,1130644,semantics_clip_text_text,pristine,St Mary s lighthouse Whitley Bay,neutral,n/a,medium,"Borderline case: a generic white lighthouse on a tidal islet matches the type described, but nothing readable identifies it as St Mary's or Whitley Bay. Another lighthouse would fit just as well, so the relation label is neutral."
formal_seed43,91,210,845577,1246142,semantics_clip_text_text,falsified,Rick Santorum who has compared gay marriage to bestiality at the Republican national convention,contradiction,visible_conflict,high,"The caption claims a named man at the Republican convention, but the image shows a herd of donkeys, a visible conflict in the type of object and scene. Channel: the relation is contradiction, so the channel is visible conflict by definition."
formal_seed43,92,490,1260107,1260107,semantics_clip_text_image,pristine,Diego Garcia the largest island in the Chagos archipelago Conservationists have argued that people are an obstacle to the preservation of the purity of the islands and coral reefs,neutral,n/a,medium,"The aerial view of an atoll matches the type of island described, but the identity of Diego Garcia is not readable from the image, since recognising an atoll by its shape is specialist knowledge. Another atoll would fit just as well, so the relation label is neutral."
formal_seed43,93,279,389675,173476,scene_resnet_place,falsified,Louisville Ky is the fifth worst US city for allergies according to a new ranking,neutral,event_provenance,high,"The claim about a city ranking cannot be shown in a picture. The blossom tree is a generic allergy illustration with nothing tying it to Louisville, so the relation label is neutral. Channel: blossom and allergy imagery from a different city - Louisville is claimed but the photo is from Washington."
formal_seed43,94,246,148699,1504417,person_sbert_text_text,falsified,British Home Secretary Theresa May speaks in the House of Commons on Wednesday in support of proposals seeking new Web surveillance powers,contradiction,visible_conflict,medium,"The caption places the speech inside the House of Commons chamber, but the image is outdoors by a car, a conflict of scene and location rather than a mere absence of the action (compare pilot sample 336). Channel: the relation is contradiction, so the channel is visible conflict by definition."
formal_seed43,95,452,1188964,1188964,person_sbert_text_text,pristine,Ian Brown and Reni of the Stone Roses headline the Virgin Media Stage on day 1 of the V Festival at Hylands Park in Chelmsford,entailment,n/a,medium,"The two named band members' identities are taken as claimed, and both are depicted performing on stage. A pair performing together pins down the act; the venue and day details cannot be verified from the image alone and are not held against it, so the relation label is entailment."
formal_seed43,96,220,1160328,1020241,person_sbert_text_text,falsified,Fox chase Greg Tassell Abigail Kelly and Martha Jones go wild,entailment,external_knowledge,medium,"Three named performers appear in a theatrical costume still, and a fox-tail costume matches the title; a cast of several named performers is enough to identify the production, so the relation label is entailment. Channel: a different production and different performers are depicted (a Cunning Little Vixen rehearsal)."
formal_seed43,97,275,612091,565744,semantics_clip_text_image,falsified,An oil painting of a female guerilla by Yang Yifei at the Hubei Museum of Art,neutral,external_knowledge,medium,"Borderline case: an artwork is depicted, but its subject - a child at a window with no military markers - neither confirms nor clearly contradicts the claimed 'female guerilla'. Absence of the claimed subject is not a conflict, so the relation label is neutral. Channel: the artwork and artist are misattributed - a different drawing by a different artist is depicted."
formal_seed43,98,344,472992,978188,semantics_clip_text_image,falsified,Richard Desmond wants to move Northern and Shell and West Ferry printers from London s Docklands,neutral,external_knowledge,medium,"The named executive's identity is taken as claimed, but the claim about wanting to move the companies cannot be shown in a picture, and the portrait with a 'studios 4-8' sign has nothing tying it to the subject or his companies, so the relation label is neutral. Channel: the person is substituted - Desmond is claimed, but the BBC director general is depicted."
formal_seed43,99,496,120009,120009,semantics_clip_text_text,pristine,A girl whose family fled its home in Idlib looks out of a tent at a camp for displaced Syrians in the village of Atmeh Syria,entailment,n/a,high,"A girl looking out of a tent at a camp for displaced people is fully depicted. The family backstory and the village name cannot be verified from the image alone and are not held against it, so the relation label is entailment."
formal_seed43,100,419,1117625,1117625,semantics_clip_text_image,pristine,Kyle Doherty s body was found in the Deansgate area of Manchester on New Year s Day after he had been celebrating with friends,neutral,n/a,high,"The caption reports a body being found, but the image is a generic street file photo. The event is not depicted, and there is no conflict either, so the relation label is neutral."
formal_seed43,101,268,1042144,844416,semantics_clip_text_image,falsified,Turn of the Screw Glyndebourne Opera 2011 Joanna Songi as Flora Miah Persson as The Governess Thomas Parfitt as MilesPhoto by Alastair Muir,entailment,external_knowledge,medium,"Three performers are named, and the image is a period-costume stage still with a third figure scattering confetti. Naming several cast members pins down a specific production, so the relation label is entailment; the photographer credit is metadata and is not checked. Channel: the work is misattributed - Turn of the Screw is claimed but a different production is depicted."
formal_seed43,102,203,1632852,1089261,semantics_clip_text_text,falsified,John Kerry met Xi Jinping and Foreign Minister Wang Yi,neutral,external_knowledge,medium,"Two leaders walking and talking is a repeatable scene of colleagues in conversation, and nothing readable anchors it to the named parties; a similar photo could be substituted, so the relation label is neutral. Channel: the politicians are substituted, with Kerry and Xi claimed but Cameron and Wen depicted."
formal_seed43,103,454,706349,706349,semantics_clip_text_text,pristine,Burberry s new collection on the catwalk at London fashion week,neutral,n/a,medium,"Borderline case: a catwalk show is fully depicted, but the Burberry claim has no readable branding anchor, and the rule of taking identity as claimed applies to people, not brands. Any label's show would fit just as well, so the relation label is neutral."
formal_seed43,104,292,815828,1637139,scene_resnet_place,falsified,New prospects the Hall of Mirrors at the Palace of Versailles restored in 2005,contradiction,visible_conflict,high,"The caption claims the Hall of Mirrors, a baroque mirrored gallery that is a unique landmark, but the image shows a Gothic cathedral nave with pews, a rose window and an organ. The scene types conflict. Channel: the relation is contradiction, so the channel is visible conflict by definition."
formal_seed43,105,474,1278446,1278446,semantics_clip_text_image,pristine,Democrat Chad Taylor left talks to his attorney Pedro Irigonegaray after arguments before the Kansas supreme court,neutral,n/a,medium,"Two named men are shown talking, identities taken as claimed, but two colleagues talking is a scene that could occur on many occasions. Nothing anchors the Kansas supreme court occasion, so the relation label is neutral."
formal_seed43,106,282,451649,857420,semantics_clip_text_text,falsified,Liverpool want their Serbia winger Lazar Markovic to return next summer after his loan period at Fenerbahce,neutral,external_knowledge,medium,"The report about a transfer wish cannot be shown in a picture. The red-kitted player being tackled carries no readable club detail to pin down the teams, so there is neither a conflict nor anything uniquely confirming, and the relation label is neutral. Channel: the player is substituted - Markovic is claimed but Falcao is depicted."
formal_seed43,107,217,63686,138930,semantics_clip_text_image,falsified,Kenneth Kaunda former president of Zambia speaks during the funeral ceremony,neutral,external_knowledge,medium,"A named man stands in a ceremony crowd, but 'speaks' is not depicted, as there is no podium or microphone, and the absence of an action is not a conflict (compare pilot sample 336), so the relation label is neutral. Channel: the politicians are substituted, with Kaunda claimed but Mugabe depicted."
formal_seed43,108,276,265165,269293,semantics_clip_text_text,falsified,A woman cries as she leaves flowers at the scene of a balcony collapse at an apartment building near UC Berkeley on June 16 2015 in Berkeley Calif,contradiction,visible_conflict,medium,"Borderline case: the caption claims a woman crying as she leaves flowers at a balcony collapse, but the image shows a man walking past a collapsed ground-level carport over a car. The structure types conflict (carport, not balcony) and the claimed woman is absent. Channel: the relation is contradiction, so the channel is visible conflict by definition."
formal_seed43,109,313,161132,542853,scene_resnet_place,falsified,Credit Suisse 2014 Global Wealth report https publicationscreditsuissecomtasksrenderfile fileID60931FDEA2D2F568B041B58C5EA591A4,neutral,external_knowledge,medium,"The caption is just a report citation line and asserts no visual content. The Greyhound bus image therefore has nothing to support or conflict with, so the relation label is neutral. Channel: an unrelated subject is depicted - a Greyhound bus logo rather than the claimed wealth report."
formal_seed43,110,267,751619,918532,semantics_clip_text_image,falsified,Natalie Rowe repeated her allegations about the chancellor George Osborne on LBC,entailment,external_knowledge,low,"Borderline case (compare samples 404 and 500): a person at a microphone before a readable LBC 97.3 banner confirms the venue; a radio appearance is a generic act and identity is taken as claimed (gender cannot be inferred from a name), so the relation label is entailment. Flagged for review. Channel: person substituted - Natalie Rowe claimed, Nick Clegg depicted at the same LBC venue."
formal_seed43,111,446,896684,896684,semantics_clip_text_image,pristine,Barbara Murray on set you can just make out the fictional street sign Miramount Passage behind her,entailment,n/a,low,"Borderline case: the named woman is on a period street set with a wall-mounted street sign behind her, matching the caption's description. The sign is not legible at thumbnail resolution, so 'Miramount Passage' should be verified at full resolution."
formal_seed43,112,317,570909,356478,scene_resnet_place,falsified,Site of proposed flatsoffices development Leeds Parish Church is to the left of the tree the existing Cantrell House to the right,contradiction,visible_conflict,medium,"The caption describes a development-site view with the parish church to the left of a tree and Cantrell House to the right, but the image shows an ivy-covered collegiate gateway arch. The described layout does not match the scene. Channel: the relation is contradiction, so the channel is visible conflict by definition."
formal_seed43,113,422,150193,150193,person_sbert_text_text,pristine,Democratic presidential candidate Hillary Rodham Clinton with Virginia Gov Terry McAuliffe at a June fundraiser in Fairfax,neutral,n/a,medium,"Borderline case: the two named politicians are shown together, identities taken as claimed, but two colleagues standing together at an event is a scene that could occur on many occasions. Nothing anchors the June fundraiser in Fairfax, so the relation label is neutral."
formal_seed43,114,469,343692,343692,scene_resnet_place,pristine,A bat flies over the court during the second half between Marquette and Providence,entailment,n/a,medium,A bat or winged creature on a basketball court with cheerleaders is an occurrence distinctive enough in itself to pin down the occasion. The team names and which half it was cannot be verified from the image alone; whether it 'flies' rather than perches is a finer level of detail than a single image can settle.
formal_seed43,115,237,639993,1580013,semantics_clip_text_image,falsified,Luka Modric spent his early childhood in possibly the most remote place in Croatia a tiny village called Modrici,neutral,event_provenance,high,"The caption is a biographical claim about the footballer's childhood; the image is an illustrative village view with an unrelated woman, with no conflict and nothing anchoring it to Modrici, so the relation label is neutral. Channel: a Balkan village scene, but a different place and person."
formal_seed43,116,451,1512097,1512097,scene_resnet_place,pristine,Operation Trafalgar covers Soho Leicester Square Piccadilly and Covent Garden,neutral,n/a,medium,"The claim about a police operation has no content an image could show. The signpost with readable Soho and Leicester Square names is only illustration on the same topic, so there is nothing to entail, and the relation label is neutral."
formal_seed43,117,384,471038,471038,scene_resnet_place,pristine,A South African giraffe practices its footwork at Vutomi Dam in Kruger National Park South Africa Giraffes are prone to broken limbs caused by slipping on wet surfaces,entailment,n/a,high,"A giraffe splaying its legs in the savanna matches the caption's 'practices its footwork'. The location details cannot be verified from the image alone and are not held against it; the general scene is fully depicted, so the relation label is entailment."
formal_seed43,118,470,362068,362068,semantics_clip_text_image,pristine,A woman holds a religious icon as she and other proRussian activists take part in a rally in the eastern Ukrainian city of Donetsk,entailment,n/a,high,"A woman holding a religious icon at a rally is shown, and readable Russian flags bearing 'POCCNR' (Rossiya) text anchor the pro-Russian claim. The city name cannot be verified from the image alone and is not held against it, so the relation label is entailment."
formal_seed43,119,272,394131,368950,person_sbert_text_text,falsified,Donald Trump walks into Quicken Loans Arena site of the Republican National Convention on July 20 2016,neutral,event_provenance,medium,"The man's identity is taken as claimed as he arrives amid security, but nothing ties the scene to Quicken Loans Arena or the convention - a street with SUVs is generic. A specific occasion with no confirming detail (compare sample 500) means the relation label is neutral. Channel: same person (Trump), different occasion - convention arrival claimed, polling station shown."
formal_seed43,120,284,1026040,1045487,scene_resnet_place,falsified,The Tories are in need of a boost following a poll that suggests Labour are four points ahead in the general election race,neutral,external_knowledge,high,"The claim about poll standings cannot be shown in a picture. The unnamed speaker against a blue backdrop is a generic illustration and nothing conflicts, so the relation label is neutral. Channel: an unrelated subject is depicted - an education-website launch rather than the claimed polling story."
formal_seed43,121,439,943656,943656,semantics_clip_text_image,pristine,It s a MISS for Viola Davis Not a disaster but the Dianaweddingdress shape just doesn t feel fresh in the twentyteens,neutral,n/a,medium,"Borderline case: the named actress in an off-shoulder ball gown has her identity taken as claimed, and the gown's shape matches the critique. But no anchor, interaction, or distinctive act ties the image to this claim, and any celebrity in a gown would fit just as well, so the relation label is neutral."
formal_seed43,122,280,1204170,736504,semantics_clip_text_text,falsified,Delon Armitage and Jonny Wilkinson of Toulon with the Heineken Cup the cause of a dispute,contradiction,visible_conflict,high,"The caption claims two Toulon players with the Heineken Cup, but the image shows players in white kits with a red rose crest holding a flat shield trophy with readable '...Shield' banner text. Both the trophy name and the kits conflict with the claim. Channel: the relation is contradiction, so the channel is visible conflict by definition."
formal_seed43,123,242,239355,1655302,semantics_clip_text_image,falsified,Britain s Queen Elizabeth II and her husband Prince Philip attend the Braemar Gathering in Scotland this month They are third cousins,contradiction,visible_conflict,medium,"The caption claims the royal couple attending the Braemar Gathering, an outdoor highland games event; the image shows a church doorway with wedding flowers and kilted guests entering, and the claimed couple is absent, a conflict of event and scene type. Channel: the relation is contradiction, so the channel is visible conflict by definition."
formal_seed43,124,205,1078940,974336,scene_resnet_place,falsified,Tourists react to the sound of a gunshot in Singamata resort Malaysia during the raid by suspected Philippine insurgents,neutral,event_provenance,low,"Borderline case: people in a tropical setting cover their heads with cloths while on phones, but the claimed action of reacting to a gunshot is not evident (the face-covering looks calm, with no ducking), and there is no readable conflict, so the relation label is neutral. Channel: distressed people covering their faces at a different event and place (the Malaysia raid claimed, Sri Lankan asylum seekers depicted)."
formal_seed43,125,355,1237448,1237448,scene_resnet_place,pristine,A report has found no credible explanation for the sharp increase in the price of the G4S contract to provide Olympic venue guards,entailment,n/a,medium,"The report's finding cannot be shown in a picture and is exempt. The caption's showable subject - G4S security guards - is confirmed by readable 'G4S' and 'SECURITY' text on a jacket, which anchors the named organisation, so the relation label is entailment (compare sample 451, where the operation itself had nothing showable)."
formal_seed43,126,374,138896,138896,person_sbert_text_text,pristine,Hillary Clinton participating in a discussion on her book Hard Choices A Memoir at George Washington University in Washington in June,neutral,n/a,medium,"The named woman's identity is taken as claimed, but the close-up portrait has nothing tying it to the book discussion or venue. A portrait like this could come from many occasions, so the relation label is neutral."
formal_seed43,127,362,1166219,1166219,person_sbert_text_text,pristine,Boris Johnson meets volunteer staff at London Bridge station on the first day of a fresh 48hour RMT strike,entailment,n/a,medium,"Borderline case: the named man is greeting volunteer staff in high-visibility vests inside a station concourse. The role attire and the setting cover everything in the caption that can be shown - a generic act supported by role clothing, as in sample 404; the station name and strike day are exempt, so the relation label is entailment."
formal_seed43,128,324,298261,1619192,scene_resnet_place,falsified,The Hunziker company drone glides in the air Monday June 1 2015 above one of their properties in Ames in this file image,contradiction,visible_conflict,high,"The caption claims a company drone, but the image shows a large manned military tiltrotor aircraft, with a cockpit, landing gear and twin prop-rotors. The type of object conflicts with the claim. Channel: the relation is contradiction, so the channel is visible conflict by definition."
formal_seed43,129,444,72374,72374,person_sbert_text_text,pristine,Hillary Clinton greets fans at a signing for her book Hard Choices at the Tattered Cover bookstore in Denver in 2014,entailment,n/a,medium,"A signing at a bookstore is depicted, with rows of identical books bearing the portrait of the woman shown; that product branding pins her to her own book signing. The store, city, and year cannot be verified from the image alone and are not held against it, so the relation label is entailment."
formal_seed43,130,291,724370,300193,semantics_clip_text_image,falsified,An early live shot from Jim Reid s collection with Douglas Hart centre,contradiction,visible_conflict,medium,"The caption claims an early live shot, but the image is a posed five-member group portrait on a street with no stage or instruments. A live performance and a posed street photo are conflicting scene types. Channel: the relation is contradiction, so the channel is visible conflict by definition."
formal_seed43,131,238,499069,738517,semantics_clip_text_text,falsified,A judge ruled that the Christian owners of Ashers bakery discriminated against Gareth Lee by refusing to make a cake with a slogan supporting samesex marriage,neutral,external_knowledge,medium,"The caption reports a court ruling and asserts no scene of its own; the image of two presenters on a studio sofa is unrelated illustration with no positive conflict, so the relation label is neutral. Channel: different entities are depicted (TV presenters) than the claimed bakery court case."
formal_seed43,132,290,336708,991611,semantics_clip_text_text,falsified,House Speaker John Boehner with Majority Leader Eric Cantor RVa speaks to reporters at the Capitol on Friday,neutral,external_knowledge,low,"Borderline case: a man speaks to reporters at microphones (act shown, identities taken as claimed), but nothing confirms the Capitol; the facade behind resembles the Supreme Court rather than the Capitol dome. A possible contradiction, but the landmark is too uncertain at this image size, so kept neutral. Channel: politician substituted - Boehner and Cantor claimed, Santorum depicted."
formal_seed43,133,226,403139,180316,person_sbert_text_text,falsified,Ted Cruz speaks to supporters during a campaign stop in Des Moines on Jan 31 2016,neutral,event_provenance,medium,"A named man stands head-bowed before flags, but 'speaks to supporters' is not depicted, as there is no microphone, podium, or audience, and the absence of an action is not a conflict (compare pilot sample 336), so the relation label is neutral. Channel: the same person (Cruz), but a different campaign occasion."
formal_seed43,134,421,360815,360815,scene_resnet_place,pristine,247 Wall St reviewed 359 middleskill occupations classified by the Labor Department,neutral,n/a,high,"The caption describes a review of occupations, which cannot be verified from the image alone. The computer-lab workers shown are generic illustration, and there is no conflict, so the relation label is neutral."
formal_seed43,135,489,1674559,1674559,scene_resnet_place,pristine,Ford s workers in Genk fear for the future as the carmaker outlines a plan to close its Belgian factory,neutral,n/a,medium,"Idle workers in overalls outside a building are consistent with the closure story, but Ford and Genk have no readable anchor, and the workers' fear cannot be verified from the image alone. Workers at any factory would fit just as well, so the relation label is neutral."
formal_seed43,136,487,270913,270913,scene_resnet_place,pristine,A security guard checks identification of a driver entering the Y12 nuclear weapons plant in Oak Ridge Tenn,entailment,n/a,medium,"The security checkpoint is fully shown: a booth, a stopped van, a guard at the driver's window, height-limit signage, and an industrial plant behind. That covers the claim's general subject; the facility's name cannot be verified from the image alone and is not held against it, so the relation label is entailment."
formal_seed43,137,350,101397,75832,scene_resnet_place,falsified,This Dec 3 2013 photo shows a woman in Washington DC reading a message indicating that a connection can not be established with the HealthCaregov insurance marketplace internet site,contradiction,visible_conflict,high,"The caption claims a woman reading a connection-error message, but the image shows a person cross-country skiing in the snow in front of the scaffolded Capitol - the action and scene both conflict. Channel: the relation is contradiction, so the channel is visible conflict by definition."
formal_seed43,138,396,1656114,1656114,scene_resnet_place,pristine,Fires were lit and a wing was damaged at HMP Stocken in Rutland,neutral,n/a,high,"The caption reports a fire and damage, but the image is a view through blinds of an intact, calm prison compound. The event is not depicted, and its absence is not a conflict, so the relation label is neutral."
formal_seed43,139,314,985391,1661684,semantics_clip_text_image,falsified,Australia s defence minister David Johnston said search teams had several days of intense action ahead of them,neutral,external_knowledge,medium,"Borderline case: the quoted statement is exempt from checking. A suited man and a saluting soldier before the Opera House confirm Australia but not the named minister, so a substitute could pass (compare sample 500) and the relation label is neutral. Channel: people substituted - the defence minister claimed; a royal visit with the NSW premier depicted."
formal_seed43,140,342,716972,995046,semantics_clip_text_text,falsified,Former New York City mayor Michael Bloomberg is to head a climate change taskforce,neutral,external_knowledge,medium,"The image is a close-up portrait. The named identity is taken as claimed, but the claim about a future role cannot be shown in a picture, and the portrait has no detail tying it to any occasion - it could be from anywhere - so the relation label is neutral. Channel: the person is substituted - Bloomberg is claimed but Blair is depicted."
formal_seed43,141,406,336286,336286,semantics_clip_text_image,pristine,Eva Mendes also led festivities with her Eva Mendes X New York Company See Now Buy Now show on Sept 6,neutral,n/a,medium,"A named woman posing against event decor is shown, her identity taken as claimed. But leading her fashion show is not depicted, as there is no runway or audience, and there is no brand anchor, so the relation label is neutral."
formal_seed43,142,497,764548,764548,scene_resnet_place,pristine,A train passes through Ashford in Kent on the HS1 channel tunnel rail link,entailment,n/a,medium,"A high-speed train passing through countryside fully depicts the caption's general subject. The Ashford and HS1 location details cannot be verified from the image alone and are not held against it, so the relation label is entailment."
formal_seed43,143,457,1055907,1055907,person_sbert_text_text,pristine,Roy Keane is lectured by the referee during the Republic of Ireland s Euro 2016 qualifier with Scotland,entailment,n/a,medium,"The referee wagging a finger at the named man is a two-party confrontation distinctive enough to pin down the occasion. The qualifier and opponent details cannot be verified from the image alone and are not held against it, so the relation label is entailment."
formal_seed43,144,298,252471,328206,semantics_clip_text_text,falsified,May 5 Montreal Canadiens right wing Brandon Prust was fined 5000 for publicly criticizing referee Brad Watson after a Game 2 loss Hockey operations handed down the fine,contradiction,visible_conflict,high,"The caption claims a Montreal Canadiens player, but the jersey readably says VANCOUVER and carries the orca crest - the readable kit text conflicts with the claim. Channel: the relation is contradiction, so the channel is visible conflict by definition."
formal_seed43,145,361,429193,429193,semantics_clip_text_text,pristine,Maryland Terrapins guard Melo Trimble is defended by Michigan Wolverines guard MuhammadAli AbdurRahkman,entailment,n/a,high,"The readable 'MARYLAND' jersey text and a defender in navy and maize with his name on his back anchor both teams, and the defending action is depicted, so the relation label is entailment."
formal_seed43,146,420,1564101,1564101,scene_resnet_place,pristine,Some protesters have objected to the FBI s efforts but others are in favour of the iPhone being cracked,entailment,n/a,medium,"A protester's hand holds an iPhone showing a no-entry graphic in front of a glowing Apple logo. These readable anchors cover the protest content the claim can depict; the opinions themselves cannot be verified from the image alone and are not held against it, so the relation label is entailment."
formal_seed43,147,215,875615,1157022,semantics_clip_text_image,falsified,In a state of perpetual amusement James Wong in Grow Your Own Drugs for Christmas,neutral,external_knowledge,medium,"Under the rule for a single named person with a named work, the man on stage is accepted as the named person by default, but nothing anchors the named show, and a theatrical scene is not readably in conflict with a TV show, so the relation label is neutral. Channel: the work and performer are substituted, with a different production and actor depicted."
formal_seed43,148,245,121605,236423,scene_resnet_place,falsified,Security guards break up a fight between shoppers waiting in line just as the doors open for Black Friday shopping at Target in Bowling Green Ky,neutral,event_provenance,medium,"Borderline case: a restraint or hug amid a street crowd with cameras is shown, but no guards' uniforms, store entrance, or queue are visible, so key elements of the claim are absent, and absence is not a conflict; with no store signage to contradict, the relation label is neutral. Channel: a crowd scene from a different event (a Black Friday queue claimed, a St Louis protest depicted)."
formal_seed43,149,448,192245,192245,semantics_clip_text_image,pristine,President Obama s aunt Zeituni Onyango whose status as an illegal immigrant was revealed days before Obama was elected in 2008 died April 8 She was 61 READ Zeituni Onyango,neutral,n/a,medium,"This is a portrait of an older woman in red. The kinship, death, and age details cannot be verified from the image alone and are not held against it; her identity is taken as claimed but there is no anchor, and a portrait like this could be of many people, so the relation label is neutral."
formal_seed43,150,221,670487,197499,semantics_clip_text_image,falsified,North Korean prime minister Kim Yongil pictured in Seoul in 2007 apologised for causing pain among the people,neutral,external_knowledge,medium,"Borderline case: the apparent mismatch between the person's appearance and the Korean name cannot be used, since inferences from appearance or ethnicity are barred in both directions; the apology quote is exempt from checking, and the portrait carries no anchor, so the relation label is neutral. Channel: the person is substituted, with the North Korean PM claimed but a different individual depicted."
formal_seed43,151,352,202852,202852,semantics_clip_text_text,pristine,A makeshift memorial at the intersection of Child s Point Road and Eaton Landing Drive was created for Don and Sandy Pyle and their four grandchildren,entailment,n/a,high,"The image shows a makeshift memorial with flowers and a plush toy, and a readable 'Reserved 4 Sandy P.' sign that ties it to the named victims. The street names cannot be checked and are exempt, so the relation label is entailment."
formal_seed43,152,485,102141,102141,person_sbert_text_text,pristine,Japan s Prime Minister Shinzo Abe reacts to a question during a press conference at his official residence in Tokyo on Nov 18 2014,entailment,n/a,medium,"A reacting expression in a formal setting is shown, with a Japanese national flag beside the speaker; the flag anchors the claim about Japan's prime minister, and the press-conference act is depicted. The date and venue cannot be verified from the image alone and are not held against it, so the relation label is entailment."
formal_seed43,153,369,1557063,1557063,scene_resnet_place,pristine,The Gulf Arab emirate of Dubai aimed to break the world record for the largest LEDilluminated facade,neutral,n/a,medium,"The aim of breaking a record cannot be shown in a picture. The illuminated tower with fireworks neither supports nor clearly contradicts the LED-facade claim, so the relation label is neutral."
formal_seed43,154,331,512800,975557,semantics_clip_text_text,falsified,The pieces Water and Fire from Yinka Shonibare s newlyopened Fabrication exhibition at the Yorkshire Sculpture Park Read more here,neutral,external_knowledge,medium,"The caption names artwork pieces from an exhibition, but the image shows a man posing before a single spot painting. No titles are readable, nothing confirms the exhibition, and identifying people by appearance is not allowed, so the relation label is neutral. Channel: artist and work misattributed - the Shonibare exhibition claimed, a different artist's work depicted."
formal_seed43,155,339,319522,258032,semantics_clip_text_image,falsified,Barbara Bush one of former president George W Bush s twin daughters attended a fundraiser for Hillary Clinton in Paris Saturday night,neutral,external_knowledge,medium,"The named woman's identity is taken as claimed, but nothing in the image confirms the fundraiser or Paris, and attending an event is something that could be photographed on many occasions, so the relation label is neutral. Channel: the people are substituted - Barbara Bush at a Clinton fundraiser is claimed, but the Trump family is depicted."
formal_seed43,156,333,451244,1152300,semantics_clip_text_text,falsified,Development on Flickr has accelerated since Mayer herself a keen Instagram user took over as chief executive in July,neutral,external_knowledge,medium,"The claim about corporate development asserts no visual scene. The presenter in front of a readable 'OS X Mavericks' screen is an unrelated illustration, and inferring gender from the name is not allowed, so the relation label is neutral. Channel: the company and person are substituted - Flickr and Mayer are claimed, but an Apple launch is depicted."
formal_seed43,157,306,1622875,586208,scene_resnet_place,falsified,Train and energy group Alstom employs 18000 people in France,neutral,event_provenance,high,"The employment statistic cannot be shown in a picture and is exempt from checking. The Eurostar-liveried train is only illustrative, and linking it to the manufacturer would take specialist knowledge, so the relation label is neutral. Channel: train imagery, but a different operator and place - Alstom in France is claimed while the image shows a Eurostar at Waterloo."
formal_seed43,158,431,1192399,1192399,semantics_clip_text_text,pristine,Indian security forces clash with supporters of Rampal Maharaj at their compound in Hisar,entailment,n/a,medium,"Khaki-uniformed police with batons and blue helmets confront people at a compound with Devanagari signage; the uniforms and the script anchor a clash involving Indian forces. The guru's and city's names cannot be verified from the image alone and are not held against it, so the relation label is entailment."
formal_seed43,159,259,1116053,1487004,scene_resnet_place,falsified,Manchester City s proposed training academy in east Manchester,neutral,event_provenance,medium,"Borderline case: an aerial view of an airfield is labelled as the proposed academy site. A claim about a proposed site has nothing checkable in the picture, and an airfield does not clearly contradict a proposal, so the relation label is neutral. Channel: an aerial site view of a different location - the Manchester academy site is claimed but the image is RAF Mildenhall."
formal_seed43,160,436,1159005,1159005,semantics_clip_text_text,pristine,Midwife Mary Houldsworth has been working in an ebola zone in Liberia She is pictured at her home in Devon Photo by David HedgesSWNS,neutral,n/a,medium,"A named woman in a homely kitchen matches 'at her home'; the ebola backstory and photographer credit cannot be verified from the image alone and are not held against it. But nothing anchors the named subject, and a domestic portrait like this could be of many people, so the relation label is neutral."
formal_seed43,161,264,341532,50067,semantics_clip_text_text,falsified,Carolina Panthers wide receiver Steve Smith celebrates his touchdown reception,entailment,external_knowledge,medium,"Borderline case: the Panthers kit and helmet logo confirm the team, a celebration is shown, and identity is taken as claimed. Matching the visible number 1 to the named receiver would need roster knowledge (not allowed), and the reception is too specific a moment to verify. Channel: player substituted - Steve Smith claimed, Cam Newton of the same club depicted."
formal_seed43,162,366,523549,523549,person_sbert_text_text,pristine,Flying start Robin van Persie scores Manchester United s opening goal against Swansea City,entailment,n/a,high,"A striker in the red Manchester United kit volleys between white-kitted defenders, with a readable 'swansea' sponsor board behind. The kit and the board text anchor both clubs, and the scoring action is depicted, so the relation label is entailment."
formal_seed43,163,294,228638,287158,semantics_clip_text_image,falsified,President Obama returns to the White House after traveling to the Florida Everglades on April 22 2015,neutral,external_knowledge,medium,"A man exits a limousine and is greeted by uniformed officers. His identity is taken as claimed, but nothing shows the White House - the setting looks like a parking or hangar area - and an arrival like this could be many occasions, so the relation label is neutral. Channel: the person is substituted - Obama is claimed but Kerry is depicted."
formal_seed43,164,319,985496,1473565,semantics_clip_text_image,falsified,Ghaith AbdulAhad is one of the three Guardian journalists nominated for the Orwell prize for journalism,neutral,external_knowledge,medium,"The prize-nomination fact is metadata and exempt from checking. The image is a portrait of the named man with nothing to pin it to an occasion - a portrait like this could come from anywhere - so the relation label is neutral. Channel: the person is substituted - a Guardian journalist is claimed, but a different broadcaster is depicted."
formal_seed43,165,458,1216734,1216734,person_sbert_text_text,pristine,Hear me roar Three Lions with Sean Browne as David Beckham Tom Davey as Prince William and Dugald BruceLockhart as David Cameron,entailment,n/a,medium,"Three named actors are shown performing on an office stage set. A cast of several named actors together still pins down the production, so the relation label is entailment."
formal_seed43,166,403,237603,237603,scene_resnet_place,pristine,A driver walks in front of the FFZero1 by Faraday Future at CES Unveiled,entailment,n/a,medium,"A figure in a white racing suit, attire matching the driver role, walks in front of a one-off futuristic concept car with partial 'Future' branding. The distinctive car plus the attire cover the claim; the CES detail cannot be verified from the image alone and is not held against it, so the relation label is entailment."
formal_seed43,167,471,678307,678307,person_sbert_text_text,pristine,David Cameron and Nick Clegg smile as they answer a journalist s question in the handball arena at the 2012 London Olympic Park,neutral,n/a,medium,"The two named politicians smiling have their identities taken as claimed, but two people posed side by side is a scene that could occur on many occasions, and nothing anchors the handball-arena occasion (compare sample 422), so the relation label is neutral."
formal_seed43,168,368,319702,319702,person_sbert_text_text,pristine,Sanders speaks at a campaign event on Jan 25 2016 in Iowa Falls Iowa,entailment,n/a,high,"A speaker stands at a podium in front of a readable 'Bernie 2016' campaign banner. The campaign branding confirms the named subject and the event is depicted; the date and city cannot be checked and are exempt, so the relation label is entailment."
formal_seed43,169,456,933988,933988,semantics_clip_text_image,pristine,US navy commander Misiewicz pictured greeting his aunt in 2010 is accused of passing secrets to businessman Francis,entailment,n/a,medium,"The US Navy dress uniform and the warship anchor the man's role, and a tearful embrace with an older woman depicts the greeting. The kinship and accusation details cannot be verified from the image alone and are not held against it, so the relation label is entailment."
formal_seed43,170,320,391358,231777,person_sbert_text_text,falsified,President Obama returns to the White House on July 17 2014,contradiction,visible_conflict,medium,"Borderline case: the caption claims a return to the White House, but the image shows an indoor celebration in a storm of confetti. The type of event depicted conflicts with a return scene (compare samples 291 and 350). Channel: the relation is contradiction, so the channel is visible conflict by definition."
formal_seed43,171,315,151591,660474,semantics_clip_text_text,falsified,Burma s parliament elects Suu Kyi adviser as president,neutral,event_provenance,medium,"The image shows a formal signing or swearing-in ceremony with an honor guard, but nothing readable ties it to Burma or Suu Kyi - the officials in white suggest another country - so a different event could stand in and the relation label is neutral. Channel: a presidential swearing-in ceremony, but a different country - Burma is claimed while the image is from Sri Lanka."
formal_seed43,172,222,428068,510048,semantics_clip_text_text,falsified,BYU quarterback Tanner Magnum is sacked for a loss by Utah defensive tackle Viliseni Fauonuku in the Las Vegas Bowl at Sam Boyd Stadium,neutral,external_knowledge,medium,"A tackle is depicted, but the kits carry no readable BYU or Utah text, and telling these college teams from NFL teams would require recognition, which is not allowed as evidence, so the relation label is neutral. Channel: the teams and players are substituted, with BYU against Utah claimed but the Colts against the Chargers depicted."
formal_seed43,173,380,338274,338274,semantics_clip_text_image,pristine,A supporting husband for a supporting actress A pregnant ZetaJones receives a kiss from her husband after winning the best supporting actress Oscar,neutral,n/a,medium,"A couple kissing at a gala is shown, with identities taken as claimed. But a kiss at an event could occur on many occasions and does not pin down this one; the Oscar win and pregnancy cannot be verified from the image alone, and there is no anchor, so the relation label is neutral."
formal_seed43,174,213,51883,1206922,semantics_clip_text_image,falsified,BUHBYE The first image of Adrianne Palicki starring as DC s title character in the wouldbe NBC pilot Wonder Woman,contradiction,visible_conflict,high,"There is a costume conflict: the caption claims Wonder Woman, but the depicted costume is a black catsuit with a cat-ear mask (Catwoman), and the attire readably contradicts the iconic Wonder Woman costume. Channel: the relation is contradiction, so the channel is visible conflict by definition."
formal_seed43,175,234,434360,67998,scene_resnet_place,falsified,People walk past a display of a currency exchange office in StPetersburg Russia on Jan 27,neutral,event_provenance,medium,"The currency-exchange display is not depicted; the Russian street scene neither supports nor readably contradicts the caption, and nothing anchors it to the office, so the relation label is neutral. Channel: a Russian street scene, but a different city and subject (St Petersburg claimed, Sevastopol depicted)."
formal_seed43,176,411,1188730,1188730,semantics_clip_text_image,pristine,Thomas Bosc of Catalan Dragons celebrates with his teammates after their lastgasp victory over Leeds,entailment,n/a,low,Borderline case: the red kit with the readable French sponsor 'du Mas' anchors a French club (Catalan Dragons) celebrating over opponents in blue and amber (Leeds). Flagged for review of how legible the kit really is.
formal_seed43,177,381,1247778,1247778,semantics_clip_text_image,pristine,It s a matter of time before Philippe Continho joins Real Madrid or Barcelona says Steven Gerrard,neutral,n/a,medium,"The caption is a quote speculating about a transfer, which cannot be verified from the image alone. The player in a readable Liverpool training bib is taken to be the person named, but the claim describes no scene the image could show, so the relation label is neutral."
formal_seed43,178,408,997974,997974,semantics_clip_text_image,pristine,Google result Demis Hassabis the founder of DeepMind Technologies,neutral,n/a,medium,"This is a portrait of a young man whose identity is taken as claimed, but there is no anchor. Being the founder of DeepMind is background information that cannot be verified from the image alone, and a portrait like this could be of many people, so the relation label is neutral."
formal_seed43,179,410,211175,211175,semantics_clip_text_image,pristine,Game 4 in Los Angeles Cubs starting pitcher John Lackey reacts after striking out Dodgers catcher Yasmani Grandal to end the fourth inning,entailment,n/a,high,"The readable 'CHICAGO 41' jersey anchors the Cubs pitcher, and his reaction is depicted. The specific strikeout and batter are a finer level of detail than a single image can settle and cannot be verified from the image alone, so the relation label is entailment."
formal_seed43,180,393,1512510,1512510,semantics_clip_text_text,pristine,George Samson was shot several times during the Gallipoli landings,neutral,n/a,medium,"This is a historical portrait of a sailor, and the readable HMS cap band ties him to the Royal Navy. But being shot at Gallipoli is biographical background that cannot be verified from the image alone, and a portrait does not pin down which individual this is, so the relation label is neutral."
formal_seed43,181,460,413544,413544,semantics_clip_text_text,pristine,Supporters of Republican presidential candidate Donald Trump celebrate the early returns as polls close in the South Carolina Primary in Spartanburg SC,entailment,n/a,high,"The crowd holds readable 'the silent majority STANDS WITH TRUMP' signs, and that campaign branding anchors the claim about Trump supporters. The Spartanburg, South Carolina location cannot be verified from the image alone and is not held against it, so the relation label is entailment."
formal_seed43,182,249,279502,823706,semantics_clip_text_image,falsified,Homeland actress Morgan Saylor takes on her most mature role to date as cocaineslinging college student Leah in White Girl,neutral,external_knowledge,medium,"Borderline case: an actress appears in an orange prison jumpsuit in a cell; nothing readable anchors it to White Girl, and a prison scene neither cleanly matches nor contradicts a college-student film role, since an arrest is plausible, so the relation label is neutral. Channel: the work and actor are substituted, with White Girl claimed but Orange is the New Black depicted."
formal_seed43,183,392,662238,662238,semantics_clip_text_text,pristine,Newcastle United s manager Alan Pardew is furious at halftime,neutral,n/a,medium,"The image shows a touchline scene with officials. There is no readable black-and-white Newcastle anchor (a player in light blue wearing number 9 is present instead), and neither the 'furious' emotion nor the identity is anchored, so the relation label is neutral."
formal_seed43,184,227,1498947,408403,scene_resnet_place,falsified,A bride passes by masked proRussian activist near a barricade outside a government building in the eastern city of Donetsk,contradiction,visible_conflict,high,"There is a scene-type conflict: the caption claims a bride, a barricade, and an activist in Donetsk, but the image shows a tropical street with a vintage American car and a colonial arcade in a Havana style, with the claimed elements absent. Channel: the relation is contradiction, so the channel is visible conflict by definition."
formal_seed43,185,256,66784,650817,scene_resnet_place,falsified,Fans gather outside First Avenue the nightclub where Prince got his start in Minneapolis,contradiction,visible_conflict,high,"The building signage readably says 'SHAKESPEARE HOUSE', which conflicts with the caption's 'First Avenue' nightclub; the pink graffitied facade is not the club. Channel: the relation is contradiction, so the channel is visible conflict by definition."
formal_seed43,186,416,1526214,1526214,semantics_clip_text_text,pristine,Aaron Reynolds carried the flame across the Thames in a London Fire Brigade boat,entailment,n/a,medium,"A person holding an Olympic torch aboard an orange rescue-style boat on a river is shown. Carrying the flame on a boat is a distinctive act that pins down the occasion; the name and brigade details cannot be verified from the image alone and are not held against it, so the relation label is entailment."
formal_seed43,187,427,73553,73553,semantics_clip_text_text,pristine,From left Kim Kardashian Adrienne Bailon and Kourtney Kardashian walk on Main Street during the Sundance Film Festival in Park City Utah,neutral,n/a,medium,"Borderline case: three named people walking together candidly is a social scene that could occur on many occasions, unlike a production still. The snow is consistent with Park City, but there is no readable anchor to Sundance or Main Street, so the relation label is neutral."
formal_seed43,188,216,1546135,237060,scene_resnet_place,falsified,The evolution of the Mogao caves reflect influences from both the Chinese central plains and the Western Regions with many earlier caves renovated during later dynasties,neutral,event_provenance,medium,"Borderline case: the caption is largely undepictable art history about the Mogao grottoes, and a generic natural stalactite cavern neither cleanly supports nor admissibly contradicts it without specialist knowledge, so the relation label is neutral. Channel: cave interiors from a different site and country, with Mogao claimed but the Aggtelek karst depicted."
formal_seed43,189,441,72479,72479,semantics_clip_text_text,pristine,President Obama addresses an interfaith service held at the Cathedral of the Holy Cross in Boston,neutral,n/a,medium,"Borderline case: the image shows a man speaking at a church service, which matches the described act and setting, and his identity is taken as claimed. But nothing in the image ties it to Boston or Holy Cross, and a man speaking at a service could be many different occasions (compare sample 500), so the relation label is neutral."
formal_seed43,190,365,311896,311896,semantics_clip_text_image,pristine,Game 5 Blackhawks defenseman Brent Seabrook takes down Ducks wing Jiri Sekac to thwart a secondperiod scoring chance,entailment,n/a,high,"A white goalie kit with a readable Blackhawks logo and a dark Ducks kit anchor both teams, and the physical takedown of one player by the other makes the interaction specific, so the relation label is entailment."
formal_seed43,191,287,881290,1274581,person_sbert_text_text,falsified,Closet Wimbledon fan Mel Gibson jumped at the chance to give the FA Cup teamtalk chuckles Jonathan Perera,neutral,event_provenance,medium,"The image shows a man at a film promotion poster. The claimed FA Cup team talk is an event that is not depicted; there is no football scene, but also no direct conflict - the readable poster is for the named person's own film, not the claimed event - so the relation label is neutral. Channel: same person (Mel Gibson), but a different occasion and place."
formal_seed43,192,323,1273657,1043471,scene_resnet_place,falsified,A Chinese woman drinking scotch at a tasting in Chengdu Whisky s popularirty is soaring with a newly affluent Chinese middle class,contradiction,visible_conflict,medium,"The caption claims a woman drinking scotch at a whisky tasting, but the image shows a woman lighting incense or butter lamps at a temple - no whisky, and a different activity and setting. Channel: the relation is contradiction, so the channel is visible conflict by definition."
formal_seed43,193,321,320337,994308,person_sbert_text_text,falsified,Andy Murray in action during his match against Milos Raonic,neutral,event_provenance,medium,"The tennis context is present - a HEAD bag and kit - but the subject is walking on interior stairs, not on court. The claimed 'in action during his match' is simply not shown, an absence rather than a direct conflict (compare sample 336), so the relation label is neutral. Channel: same person (Murray), but a different match and tournament."
formal_seed43,194,388,634430,634430,scene_resnet_place,pristine,Thanet s 300MW offshore windfarm off the Kent coast the largest of its type in the world,entailment,n/a,high,"Offshore wind turbines in the sea fully depict the caption's general subject. The 300MW figure, the largest-in-the-world claim, and the Kent location cannot be verified from the image alone and are not held against it, so the relation label is entailment."
formal_seed43,195,207,440270,1259141,person_sbert_text_text,falsified,Bruce Dern and Will Forte in Nebraska Dern and the film s director David Payne also received Oscar nominations,entailment,event_provenance,medium,"Two named actors appear in a black-and-white scene on a couch; the black-and-white look plus this pairing identify the production still as coming from Nebraska, and the director and Oscar details are background information exempt from checking, so the relation label is entailment. Channel: the same film (Nebraska) and actor, but a different still or scene."
formal_seed43,196,201,534932,226264,scene_resnet_place,falsified,South Korea has begun annual joint drills with US troops exercises Pyongyang says are a rehearsal for an invasion,neutral,event_provenance,medium,"Borderline case: a tank with soldiers fits a military drill, but nothing readable ties the scene to South Korea or the US, and telling the tank's nation would need specialist recognition; a similar photo could be substituted, so the relation label is neutral. Channel: military deployment scenes from a different conflict and country (Korea drills claimed, an Israeli tank at Gaza depicted)."
formal_seed43,197,424,1560512,1560512,semantics_clip_text_text,pristine,A list of the affected models including the Flavel cooker Mr Smith and Mr Branton had in their Saltash home is on Beko s website,entailment,n/a,high,"The readable 'FLAVEL' brand name on the cooker directly anchors the part of the claim the image can show. The detail about Beko's recall list cannot be verified from the image alone and is not held against it, so the relation label is entailment."
formal_seed43,198,349,1489210,289278,scene_resnet_place,falsified,Tiger divested 60 of Tigerair Australia to Virgin Australia,neutral,external_knowledge,low,"Borderline case: the claim is a corporate divestment (Tiger/Virgin) that cannot be shown in a picture. The readable 'germanwings' check-in is an illustrative but mismatched airline; the caption asserts no airline scene, so there is no direct conflict and the relation label is neutral. Flagged for review. Channel: airline substituted - Tigerair/Virgin claimed, Germanwings depicted."
formal_seed43,199,402,886782,886782,semantics_clip_text_text,pristine,Spain s goalkeeper David de Gea in action during the Euro 2016 qualifier against Luxembourg,entailment,n/a,medium,"The goalkeeper is shown in action in a blue national kit with a chest crest and the number 13, which anchors Spain. The opponent and qualifier details cannot be verified from the image alone and are not held against it, so the relation label is entailment."
formal_seed43,200,453,1104559,1104559,semantics_clip_text_image,pristine,This rabbit named Heather by Scottish SPCA staff is among 17 rescued this year in the Lothians,entailment,n/a,high,"A spotted rabbit in a hay-lined hutch fully depicts the caption's general subject. The name, the rescue count, and the Lothians location cannot be verified from the image alone and are not held against it, so the relation label is entailment."
formal_seed43,201,293,483525,660631,semantics_clip_text_image,falsified,Veronica Roberts as Haydn and Marty Cruickshank as Virgie in After Electra,entailment,external_knowledge,medium,"Two named actors appear in a staged embrace or dance scene. Naming several cast members pins down a specific production (After Electra), so the relation label is entailment. Channel: the work is misattributed - After Electra is claimed but the cast of Private Lives is depicted."
formal_seed43,202,270,659383,968298,semantics_clip_text_image,falsified,At times Denis Istomin must have felt like he was facing four Novak Djokovics as the defending champion raced to a 20 lead,neutral,external_knowledge,medium,"A single tennis player is shown in action at Wimbledon (white kit, grass). There is no readable text to identify individual players, and the 2-0 match narrative cannot be shown in a picture, so a substitute would pass unnoticed and the relation label is neutral. Channel: players substituted - Istomin and Djokovic are claimed but a different player is depicted."
formal_seed43,203,407,1044966,1044966,semantics_clip_text_image,pristine,Stunt comedian Richard Gadd performing at Glasgow International Comedy Festival,neutral,n/a,medium,"This is a close-up portrait. Performing at a festival is not depicted, since there is no stage, microphone, or audience; his identity is taken as claimed but there is no anchor, and the described action is simply absent, so the relation label is neutral."
formal_seed43,204,341,943929,680127,person_sbert_text_text,falsified,Tony McCoy steers Jezki to victory over Hurricane Fly inn the Champion Hurdle at Punchestown on Friday,neutral,event_provenance,low,"Borderline case: a horse race is depicted, and the green and gold silks tie it to the McManus stable, but the silks do not pin down the named jockey-and-horse pairing, and the winning finish cannot be shown, so a substitute would pass and the relation label is neutral. Flagged for review. Channel: same jockey (McCoy), but a different horse and race."
formal_seed43,205,235,284276,646826,scene_resnet_place,falsified,A man pumps gas at an Exxon gas station in Waltham Mass in 2008,neutral,event_provenance,medium,"The claimed scene of a man pumping gas at a branded Exxon station is absent; the image shows a car tailpipe emitting fumes, a different illustration with no positive conflict, so the relation label is neutral. Channel: fuel and emissions imagery, but a different specific subject."
formal_seed43,206,432,57651,57651,semantics_clip_text_text,pristine,From left Whole Woman s Health employee Reynaldo Guerrero and Denni Arjona engage with Rosita Rodriguez an activist and an unidentified protester,neutral,n/a,low,"Borderline case: the confrontation at an abortion protest, with a readable anti-abortion sign, anchors the topic. But people engaging across a barrier is a scene that could occur on many occasions, and the named individuals are not anchored, so the relation label is neutral. Flagged for review."
formal_seed43,207,412,269032,269032,semantics_clip_text_image,pristine,John Holahan is a fellow at the Urban Institute s Health Policy Center,neutral,n/a,medium,"This is a portrait of an older man whose identity is taken as claimed, but there is no anchor. A think-tank fellowship is background information that cannot be verified from the image alone, and a portrait like this could be of many people, so the relation label is neutral."
formal_seed43,208,343,491094,384958,semantics_clip_text_text,falsified,Benedict greets Pope Francis in May as the former pope returned to the Vatican where he is living in seclusion,contradiction,visible_conflict,high,"The caption claims the former pope greeting Pope Francis, both of whom would be in papal white, but the image shows a woman in a mint lace gown embraced by a suited man at a formal event - there are no popes. Channel: the relation is contradiction, so the channel is visible conflict by definition."
formal_seed43,209,375,1199259,1199259,scene_resnet_place,pristine,Thousands of fish struggle for room at the Divor Dam in Arraiolos Portugal where water levels are dangerously low after a twomonth drought,entailment,n/a,high,"A dense mass of fish crammed into shallow water depicts the distinctive scene the caption describes. The dam, Portugal and drought details cannot be verified from the image and are exempt, so the relation label is entailment."
formal_seed43,210,297,181005,98712,semantics_clip_text_text,falsified,Haley Barbour South Carolina should decide how they want to decorate their state capitol,neutral,event_provenance,medium,"The caption is purely a quote about capitol decoration, which cannot be shown in a picture. The image of a Confederate-flag memorial is topically illustrative, but the quote asserts no visual scene the image could confirm, so the relation label is neutral. Channel: Confederate-symbol imagery, but at a different site and in a different context."
formal_seed43,211,223,1019928,43620,semantics_clip_text_image,falsified,Best friends Victoria Froeyd 18 and Sofie Nilsen 17 hid together in the school building until the police rescued them,neutral,event_provenance,medium,"Two distressed young women embrace. The hiding-in-school and rescue events cannot be depicted, an emotional embrace is a repeatable scene, and the named individuals are not anchored, so the relation label is neutral. Channel: grieving teenagers, but from a different incident and place."
formal_seed43,212,351,47051,47051,person_sbert_text_text,pristine,Kanye West in ripped jeans with his wife Kim Kardashian,neutral,n/a,medium,"Borderline case: a couple stands on a red carpet and the man wears ripped jeans, which matches that detail, but nothing readable confirms who or where. A couple at a gala could be photographed on many occasions, and the identities are only taken as claimed, so the relation label is neutral."
formal_seed43,213,204,811124,955535,semantics_clip_text_text,falsified,Animal rights activists gather outside Winchester crown court on Thursday before the sentencing of Debbie Vincent below,contradiction,visible_conflict,high,"The readable placard text conflicts with the caption: the signs say 'Housing for all', 'SAVE OUR HOMES', and 'EVICTION NOTICE', so this is a housing protest, contradicting the claim of animal rights activists outside a court. Channel: the relation is contradiction, so the channel is visible conflict by definition."
formal_seed43,214,262,451036,450048,semantics_clip_text_image,falsified,Strangely inert Carolyn Backhouse as Christine and Helen Bradbury as Eva in Crash,entailment,external_knowledge,medium,"Two named actresses are posed behind a frame on stage. Because several cast members are named, the caption pins down a specific production (Crash), so the relation label is entailment. Channel: the work is misattributed - Crash is claimed, but a different staged production is depicted."
formal_seed43,215,409,674711,674711,person_sbert_text_text,pristine,Prince Kate Moss Adele Rita Ora Noel Gallagher Cara Delevingne and Stephen Fry attended his Ronnie Scott s gig,neutral,n/a,medium,"A musician performing at a microphone depicts 'his gig' in a generic way, but nothing readable ties the image to the named artist or to Ronnie Scott's. The named celebrity attendees cannot be verified from the image and are not visible, and a different gig would fit just as well, so the relation label is neutral."
formal_seed43,216,389,596922,596922,scene_resnet_place,pristine,Mars as seen from Earth in 1999 the last time the two planets were similarly placed,entailment,n/a,high,"The planet Mars, a red disc with a polar cap, is depicted and matches the named astronomical subject. The detail 'as seen from Earth in 1999' cannot be verified from the image alone and is not held against it, so the relation label is entailment."
formal_seed43,217,330,79992,473243,scene_resnet_place,falsified,People watch a fireworks display during an event in Pyongyang marking the 61st anniversary of the armistice that ended the Korean War,entailment,event_provenance,low,"Borderline case: the generic scene of people watching fireworks is fully shown - silhouettes plus fireworks. The Pyongyang and armistice details cannot be shown and are exempt metadata (compare samples 497 and 375), so the relation label is entailment. Channel: a crowd watching fireworks, but a different event and country - Pyongyang claimed, a July 4th event in Iowa shown."
formal_seed43,218,318,571149,855058,semantics_clip_text_text,falsified,Michal Handzus of the Chicago Blackhawks scores his double overtime game winner against the Los Angeles Kings to claim Game Five of the Western Conference Final,contradiction,visible_conflict,high,"The checked player's jersey readably says 'RANGERS' (New York), which conflicts with the claimed teams, the Chicago Blackhawks and Los Angeles Kings. Channel: the relation is contradiction, so the channel is visible conflict by definition."
formal_seed43,219,401,116666,116666,semantics_clip_text_image,pristine,Yelchin with Felicity Jones and director Drake Doremus poses onstage at a Like Crazy news conference during the 2011 Toronto International Film Festival in 2011,neutral,n/a,low,"Borderline case: the readable 'tiff' backdrop ties the scene to the festival, but not to the specific film or people. The faces are cropped out, so no individuals can be pinned down, and any TIFF press conference would fit just as well, so the relation label is neutral. Flagged for review."
formal_seed43,220,356,215072,215072,semantics_clip_text_text,pristine,Senate Majority Leader Mitch McConnell RKy speaks to reporters on Capitol Hill on March 24 2015,entailment,n/a,medium,"A readable 'United States Senate' seal and the Capitol dome interior confirm the Senate setting. Speaking to reporters is a generic act, and the identity is taken as claimed (compare sample 404), so the relation label is entailment."
formal_seed43,221,253,1630316,1213715,scene_resnet_place,falsified,Yashika Bageerathi faces being deported to Mauritius without her family,neutral,event_provenance,medium,"The image is a family portrait. The deportation claim cannot be shown in a picture, and while the identities are taken as claimed, nothing ties the photo to the named person - a family photo could be of anyone - so the relation label is neutral. Channel: it is a family portrait of a different family in a different place."
formal_seed43,222,277,248295,206578,person_sbert_text_text,falsified,Vice President Joe Biden addresses a memorial honoring three Baton Rouge law enforcement officers killed in a July 17 shootout in Baton Rouge July 25,contradiction,visible_conflict,medium,"Borderline case: the caption claims the vice president addressing a memorial for slain officers, but the image shows elderly men at a casual hunting-club buffet, with camouflage clothing and food trays - a positively different scene, not a memorial address. Channel: the relation is contradiction, so the channel is visible conflict by definition."
formal_seed43,223,258,170710,414631,semantics_clip_text_image,falsified,Republican presidential candidate Donald Trump is pictured at a news conference near the USMexico border outside of Laredo Texas July 23 2015 REUTERSRick Wilking,contradiction,visible_conflict,high,"The caption claims a Trump news conference near the border, but the image shows a musician in a sequined jacket on stage with guitars, in front of a partly readable Americana Music banner. Channel: the relation is contradiction, so the channel is visible conflict by definition."
formal_seed43,224,261,760052,867558,semantics_clip_text_text,falsified,Cameron and Vladimir Putin at the G20 summit in Brisbane last year The UK and Russia are at odds over Bashar alAssad,contradiction,visible_conflict,medium,"The caption claims Cameron and Putin, but the handshake in the image takes place in front of a readable US flag (plus a red flag), pointing to a US official rather than the UK prime minister. Channel: the relation is contradiction, so the channel is visible conflict by definition."
formal_seed43,225,447,145510,145510,scene_resnet_place,pristine,Supporters of the Concerned Students 1950 group chant during a march through the University of Missouri campus on Nov 13 Activism has soared on the campus,neutral,n/a,medium,"Borderline case: a generic protest crowd chanting with raised fists depicts a march, but nothing anchors the named group, Concerned Students 1950, or the Missouri campus. Another march would fit just as well (compare sample 460, which had readable signage), so the relation label is neutral."
formal_seed43,226,338,422094,328310,semantics_clip_text_text,falsified,Steelers linebacker LJ Fort clobbers Redskins quarterback Kirk Cousins on a secondhalf pass attempt,contradiction,visible_conflict,high,"The kits conflict: readable navy 'PATRIOTS' jerseys are tackling a quarterback in a white and red 'Chiefs' number 11 shirt, contradicting the claimed Steelers-versus-Redskins matchup. Channel: the relation is contradiction, so the channel is visible conflict by definition."
formal_seed43,227,340,370233,307500,semantics_clip_text_text,falsified,Carolina Panthers quarterback Cam Newton adresses members of the media during Super Bowl 50 Opening Night media day at SAP Center,contradiction,visible_conflict,high,"A readable 'BCS ...ampionship' backdrop and a garnet FSU/ACC number 5 jersey conflict with the claimed Cam Newton, Panthers and Super Bowl 50 - this is a college press conference, the wrong event and team. Channel: the relation is contradiction, so the channel is visible conflict by definition."
formal_seed43,228,426,701751,701751,semantics_clip_text_text,pristine,Just like us Cressida Bonas talks with actor Will Poulter,neutral,n/a,medium,"Two named people are shown conversing outdoors. Talking together is a scene that could occur on many occasions (two colleagues chatting does not pin down an occasion), there is no readable anchor, and their identities are only taken as claimed, so the relation label is neutral."
formal_seed43,229,445,57521,57521,semantics_clip_text_image,pristine,Rosa Brown lives in Arbor Village mobilehome park and could hear screams from her window,neutral,n/a,medium,"A woman at a window with mobile homes outside matches the setting. But hearing screams cannot be verified from the image alone, nothing anchors the named individual, and any resident of a mobile-home park would fit just as well, so the relation label is neutral."
formal_seed43,230,202,432565,1507884,person_sbert_text_text,falsified,Daniel DayLewis wins the Oscar for best actor for his role in Lincoln,neutral,event_provenance,medium,"This is a composite of three separate headshots. The Oscar win is background information that cannot be depicted, and a three-part portrait shows no award scene, so there is no positive conflict and the relation label is neutral. Channel: the same person (Day-Lewis) at a different occasion, an attendee shot rather than the Oscar win."
formal_seed43,231,494,234542,234542,semantics_clip_text_text,pristine,Sen Ted Cruz RTexas speaks during the Republican presidential primary debate on March 3 2016,entailment,n/a,medium,"A man at a debate podium in front of a readable 'FOX NEWS' backdrop anchors the Republican-debate setting. The speaking act is depicted and his identity is taken as claimed (compare samples 356 and 404), so the relation label is entailment."
formal_seed43,232,479,792496,792496,semantics_clip_text_text,pristine,The LHC achieves 236 TeV collisions for the first time on 8 December and ATLAS recorded its first events at this record energy,entailment,n/a,high,"The particle-collision event display, with tracks radiating through a detector cross-section, depicts exactly the LHC/ATLAS collision the claim describes. The energy and date cannot be verified from the image alone and are not held against it, so the relation label is entailment."
formal_seed43,233,236,275216,295431,scene_resnet_place,falsified,The interior of the redesigned 2015 Ford Mustang,contradiction,visible_conflict,high,"A readable Chevrolet bowtie logo on the steering wheel of a police-equipped SUV interior conflicts with 'Ford Mustang', a brand-logo conflict. Channel: the relation is contradiction, so the channel is visible conflict by definition."
formal_seed43,234,398,285272,285272,semantics_clip_text_text,pristine,Auburn Tigers quarterback Nick Marshall motions to pass during the second quarter against the Missouri Tigers of the 2013 SEC Championship game at Georgia Dome,entailment,n/a,high,"The readable 'AUBURN' navy jersey and orange helmet anchor the team, and the quarterback is shown running and motioning with the ball. The SEC Championship and the venue cannot be verified from the image alone and are not held against it, so the relation label is entailment."
formal_seed43,235,295,1221048,49115,scene_resnet_place,falsified,A wounded man is photographed on the floor of a makeshift hospital in the rebelheld area of Douma Syria following shelling and air raids by Syrian government forces,entailment,event_provenance,high,"Wounded people lie on the floor of a makeshift clinic with medics and blood visible, matching the distinctive scene the caption describes. The Douma/Syria location cannot be verified from the image and is exempt, so the relation label is entailment. Channel: Syrian field-hospital casualties, but a different city and incident - Douma is claimed while the image is from Aleppo."
formal_seed43,236,359,218183,218183,semantics_clip_text_image,pristine,Polish Border Guard officers inside Warsaw Chopin airport in Warsaw Poland on March 22 2016,entailment,n/a,high,"The readable 'STRAZ GRANICZNA' text on the officers' vests confirms the Polish Border Guard, and the setting is an airport terminal. The Warsaw Chopin detail cannot be checked and is exempt, so the relation label is entailment."
formal_seed43,237,395,1160193,1160193,semantics_clip_text_image,pristine,Michael Cera on the set of Crystal Fairy,neutral,n/a,medium,"This pairs a single actor with a named film: a man holding a mug in a desert, his identity taken as claimed. But nothing readable ties the image to Crystal Fairy, so the film set is not pinned down, and the relation label is neutral."
formal_seed43,238,299,289795,1592264,person_sbert_text_text,falsified,Pharrell performs live at The Riverstage on March 12 in Brisbane Australia,neutral,event_provenance,low,"Borderline case: a live performance is shown, with a performer at the microphone and dancers, but no clean detail ties it to the named artist or venue (possibly 'BILLIONAIRE' brand text on a dancer); a different performer would pass unnoticed (compare sample 409), so the relation label is neutral. Flagged for review. Channel: same person (Pharrell), a different performance."
formal_seed43,239,240,1255765,1567400,scene_resnet_place,falsified,Syrian troops participate in a live fire exercise Forces loyal to the regime have been accused of a massacre in the village of Tremseh,contradiction,visible_conflict,high,"There is a flag conflict: the caption claims Syrian troops, but the soldiers hold a readable Iraqi flag, red, white, and black with the green takbir script, not the two-star Syrian flag. Channel: the relation is contradiction, so the channel is visible conflict by definition."
formal_seed43,240,310,1125643,117166,scene_resnet_place,falsified,The incident took place in eastern Afghanistan where the majority of foreign forces are from the US,neutral,event_provenance,medium,"The image is a generic town at dusk with mountains, consistent with Afghanistan but with nothing readable to confirm the place. The incident and the US-forces fact cannot be shown in a picture, so a different place could stand in and the relation label is neutral. Channel: an Afghan town scene, but a different province - eastern Afghanistan claimed, Mazar-e Sharif shown."
formal_seed43,241,300,785394,788096,semantics_clip_text_text,falsified,The beat my heart skipped Vincent Cassel in Mesrine Public Enemy No 1,neutral,external_knowledge,medium,"The caption names a single actor and a work. The image shows a man in a blazer standing in a rapeseed field; his identity is taken as claimed, but nothing connects the scene to the film Mesrine, so the relation label is neutral. Channel: the actor and work are substituted - Cassel in Mesrine is claimed, but Branagh in Wallander is depicted."
formal_seed43,242,285,249697,110124,semantics_clip_text_image,falsified,Actorcomedian Donald Glover as recording artist Childish Gambino is set to perform at The Chelsea as well Here he performs during the Life is Beautiful festival,neutral,external_knowledge,medium,"A live performance is depicted, with a performer at the microphone and a band, but nothing readable ties it to the named artist or festival, so a different performer would pass unnoticed (compare samples 409 and 299), and the relation label is neutral. Channel: the performer is substituted - Childish Gambino is claimed but Kendrick Lamar is depicted."
formal_seed43,243,354,623090,623090,person_sbert_text_text,pristine,WikiLeaks founder Julian Assange is seen at the Norfolk mansion where he spent most of the past year He moved out last month,neutral,n/a,medium,"A man standing in a doorway loosely matches 'at the mansion', but nothing confirms which house. The house-arrest and moving-out claims cannot be shown in a picture, and the identity is taken as claimed - a portrait like this could be from many places - so the relation label is neutral."
formal_seed43,244,332,1612970,868478,scene_resnet_place,falsified,Japanese fans will have even more reason to look forward to hosting the next World Cup in 2019,contradiction,visible_conflict,high,"The caption claims Japanese fans, but the crowd wears US-flag gear and a USA soccer crest, with a readable banner quoting the US anthem ('PERILOUS FIGH...') - these are American fans. Channel: the relation is contradiction, so the channel is visible conflict by definition."
formal_seed43,245,327,395123,1123459,semantics_clip_text_text,falsified,Techo Hun Sen prime minister of Cambodia attends a panel session,neutral,external_knowledge,medium,"A delegate sits with headphones in a UN-style assembly hall. Nothing readable ties the scene to Cambodia or Hun Sen, identifying people by appearance is not allowed, and the scene could be many different sessions, so the relation label is neutral. Channel: the person is substituted - the Cambodian prime minister is claimed, but the UN secretary general is depicted."
formal_seed43,246,483,1246635,1246635,person_sbert_text_text,pristine,US attorney general Eric Holder,entailment,n/a,medium,"The readable 'Department of Justice, Washington' seal and US flags anchor the attorney general's institution. A man stands at the DOJ podium, his identity taken as claimed (compare samples 356 and 404), so the relation label is entailment."
formal_seed43,247,386,1617403,1617403,scene_resnet_place,pristine,The popularity of LG s G3 smartphone is helping boost earnings,entailment,n/a,medium,"A row of smartphones with readable 'LG' logos anchors the brand and product. The earnings claim cannot be verified from the image alone and is not held against it; the specific G3 model is not verifiable either, but the product type is anchored, so the relation label is entailment."
formal_seed43,248,346,196692,75224,person_sbert_text_text,falsified,Clinton greets people in the crowd during a rally at PascoHernando State College in Dade City Fla,entailment,event_provenance,medium,"A woman takes a selfie with a crowd in front of readable blue Clinton-style campaign signage, which anchors the campaign branding; the act of greeting the crowd is depicted. The college and Florida details cannot be checked and are exempt, so the relation label is entailment. Channel: same person (Clinton), but a different campaign occasion and state."
formal_seed43,249,251,918660,1554291,scene_resnet_place,falsified,The yeraz or ErAZ 762 was the first vehicle produced by the factory The original staff were trained at the Riga Autobus Factory in Latvia and UAZ in Russia,neutral,external_knowledge,medium,"The caption makes a historical statement about a Soviet van (the ErAZ-762), but the image shows an unrelated beer-cart vendor at a train, with no van to match and no direct conflict with the stated fact, so the relation label is neutral. Channel: an unrelated subject is depicted - a Cobra beer vendor on an Indian train rather than the claimed Soviet van."
formal_seed43,250,464,291913,291913,scene_resnet_place,pristine,Amateur video from Nairobi Kenya shows the early moments of the attack on a mall At least 68 people have died since the attack began on Saturday,neutral,n/a,low,"Borderline case: the grainy shot of a mall interior matches the amateur-video style described, but no attack is visibly depicted and nothing ties the scene to Nairobi. Different footage would fit just as well, so the relation label is neutral. Flagged for review."
formal_seed43,251,435,107218,107218,person_sbert_text_text,pristine,Petraeus left and Central Command commander Adm William J Fallon right welcome President George W Bush as he arrives in Iraq s Anbar province for a surprise visit,entailment,n/a,high,"The readable 'PETRAEUS' name tape on the left general's uniform directly anchors him. A civilian saluting while flanked by generals matches the welcome scene described, so the relation label is entailment."
formal_seed43,252,219,275550,432500,semantics_clip_text_image,falsified,ABOUT A BOY About a Hook Episode 211 Pictured Minnie Driver as Fiona Benjamin Stockham as Marcus,entailment,external_knowledge,medium,"Two named actors appear in a staged domestic scene with three figures; a cast of several named actors is enough to identify the production (About a Boy), so the relation label is entailment. Channel: the work is misattributed, with About a Boy claimed but the cast of The Americans depicted."
formal_seed43,253,247,487710,966313,scene_resnet_place,falsified,Highrise buildings seen above the fog in Wenling Zhejiang province China says it will cut the intensity of carbon emissions by up to 45 by 2020,neutral,event_provenance,low,"Borderline case: high-rises above fog are depicted, but the specific named city (Wenling) is not anchored and the skyline resembles another city; a similar photo could be substituted (compare samples 490 and 491), so the relation label is neutral; flagged for review. Channel: a city skyline, but a different city, with Wenling claimed and Vancouver depicted."
formal_seed43,254,495,679181,679181,person_sbert_text_text,pristine,and Hamilton takes the lead as Rosberg has to take the escape road on Lap 28,entailment,n/a,medium,"Two silver Mercedes F1 cars are shown, one taking the run-off escape road as the other passes. This distinctive incident pins down the lap-28 moment described, and the drivers' identities are taken as claimed, so the relation label is entailment."
formal_seed43,255,329,1651355,1581757,scene_resnet_place,falsified,The man was found on fire on the canal towpath on Bolton Road in Blackburn,neutral,event_provenance,medium,"The report of a past incident - a man found on fire on a towpath - cannot be shown in a picture. The image is an unrelated flood scene with a castle, with no claimed visual scene to contradict, so the relation label is neutral. Channel: a British waterway scene, but a different place and event - the Blackburn towpath claimed, the Thames at Windsor shown."
formal_seed43,256,283,286937,987988,person_sbert_text_text,falsified,Defense Secretary Chuck Hagel hands diplomas to cadets during a graduation and commissioning ceremony at the US Military Academy in West Point NY on Saturday May 25 2013,neutral,event_provenance,medium,"The image shows two officials indoors in what looks like a briefing room; no cadets, diplomas or graduation are shown. The ceremony is absent and the setting differs, but there is no direct conflict (compare samples 217 and 226), so the relation label is neutral. Channel: same person (Hagel), different occasion - West Point graduation claimed, joint appearance shown."
formal_seed43,257,414,95770,95770,semantics_clip_text_image,pristine,Naomi Watts added detail to her white Calvin Klein dress with a Bulgari necklace,neutral,n/a,medium,"A white dress on a red carpet matches the attire described, but there is no anchor unique to this claim. Her identity is taken as claimed, yet any figure in a white gown would fit just as well (compare samples 439 and 351), so the relation label is neutral."
formal_seed43,258,257,1094151,555907,semantics_clip_text_image,falsified,Gylfi Sigurdsson scores his first from the spot in Iceland s Euro 2016 Group A win over Holland,contradiction,visible_conflict,high,"The kits and sponsors conflict: a readable '188BET' sponsor on a blue kit (Bolton) against an orange Blackpool kit shows an English club match, not the claimed Iceland-versus-Holland national-team game. Channel: the relation is contradiction, so the channel is visible conflict by definition."
formal_seed43,259,260,318208,400760,semantics_clip_text_text,falsified,San Jose Sharks defenseman Jason Demers gets called for boarding on Los Angeles Kings defenseman Robyn Regehr in the second period of Game 5 at the Staples Center,contradiction,visible_conflict,medium,"Borderline case: the boarding check shown is between a blue Rangers-style jersey and a white jersey at what looks like an Eastern arena, not the teal Sharks against the Kings as claimed (compare sample 318). Flagged for review. Channel: the relation is contradiction, so the channel is visible conflict by definition."
formal_seed43,260,478,1657894,1657894,scene_resnet_place,pristine,The women lived in New York City and planned to hit targets in the US the FBI says,neutral,n/a,medium,"The iconic New York skyline, with the Empire State and Chrysler buildings, illustrates the location. But the claim's subject, the women and their plot, is an FBI report that an image cannot show, and no people or plot are depicted, so the relation label is neutral."
formal_seed43,261,429,1009614,1009614,person_sbert_text_text,pristine,Kendrick Lamar onstage at the Pasadena Rose Bowl,neutral,n/a,medium,"A performer rapping at a microphone on a dark stage depicts a live performance, but nothing readable ties it to the named artist or the Rose Bowl. A different performance would fit just as well (compare samples 409 and 285), so the relation label is neutral."
formal_seed43,262,476,91526,91526,semantics_clip_text_text,pristine,Henrique Capriles center holds a giant cap as he greets supporters during a campaign rally in San Felipe,entailment,n/a,medium,"A man on an open car holds up a giant star-emblazoned cap amid a flag-waving rally, a distinctive act that pins down the moment. His identity is taken as claimed, and San Felipe cannot be verified from the image alone and is not held against it, so the relation label is entailment."
formal_seed43,263,273,134065,933731,person_sbert_text_text,falsified,Iain Duncan Smith speaks during an interview at Sky News headquarters in London,neutral,event_provenance,medium,"The image shows suited figures on a street walkabout, not a Sky News studio interview. The claimed interview and setting are simply not shown - an absence rather than a direct conflict - so the relation label is neutral. Channel: the same person (Iain Duncan Smith) is present, but on a different occasion - a Sky News interview is claimed while a campaign appearance is depicted."
formal_seed43,264,438,289057,289057,person_sbert_text_text,pristine,President Obama says Northern Ireland provides the world with a blueprint to solve global conflicts The President is in Northern Ireland for a G8 Summit,entailment,n/a,medium,"The readable US presidential seal on the podium anchors 'the President'; the act of speaking is depicted, and his identity is taken as claimed. The Northern Ireland and G8 details cannot be verified from the image alone and are not held against it (compare samples 404 and 356), so the relation label is entailment."
formal_seed43,265,307,439064,385260,person_sbert_text_text,falsified,Maria Sharapova plays a shot during her women s singles semifinal match against Russia s Ekaterina Makarova,neutral,event_provenance,medium,"A single female tennis player on clay pumps her fist. In tennis there is no readable kit text to identify individuals, so a different player would pass unnoticed (compare samples 270 and 321), and the relation label is neutral. Channel: same person (Sharapova), but a different match and opponent."
formal_seed43,266,269,1553939,1216909,semantics_clip_text_text,falsified,A ground offensive by forces loyal to President Hadi appears to have stalled in Marib province,neutral,event_provenance,low,"Borderline case: armed fighters in combat show a ground offensive generically, but nothing identifies the faction (forces loyal to Hadi), and the claim that the offensive has stalled cannot be shown in a picture, so the relation label is neutral. Flagged for review. Channel: civil-war fighters from a different conflict - Yemen claimed, Libya shown."
formal_seed43,267,206,511652,1004836,semantics_clip_text_image,falsified,Noises Off by Michael Frayn At the Theatre by the Lake there were also noises on around and everywhere,neutral,external_knowledge,medium,"A staged farce scene with a theatrical set and actors is shown, but no named actors pin it down and nothing anchors it to Noises Off or the specific theatre; any staged play could be substituted, so the relation label is neutral. Channel: the work is misattributed, with Noises Off claimed but a different play (Black Comedy) depicted."
formal_seed43,268,228,1069071,133219,scene_resnet_place,falsified,According to the World Health Organisation 9 May will mark 42 days since the last reported case of Ebola in Liberia,neutral,event_provenance,low,"Borderline case: a worker in Ebola-response protective gear with a readable MSF logo illustrates the topic, but the caption is an undepictable WHO statistic, and the MSF logo does not anchor the caption's named entity or milestone, so the relation label is neutral; flagged for review. Channel: the same topic and place (the Ebola response in Liberia), but a different article or occasion."
formal_seed43,269,463,406210,406210,semantics_clip_text_text,pristine,Arizona State quarterback Taylor Kelly looks to pass to tight end DeMarieya Nelson against Weber State at Sun Devil Stadium,entailment,n/a,high,"The readable maroon-and-gold 'ASU' Sun Devils kit anchors Arizona State, and the quarterback looking to pass is depicted, his identity taken as claimed. The opponent and stadium cannot be verified from the image alone and are not held against it, so the relation label is entailment."
formal_seed43,270,499,205359,205359,person_sbert_text_text,pristine,In this image by Mert Alas and Marcus Piggott singer Adele is shown on the cover of the March issue of Vogue,entailment,n/a,high,"The magazine cover depicted carries readable 'VOGUE' and 'ADELE' text, directly matching the claim. The photographers and issue details cannot be verified from the image alone and are not held against it, so the relation label is entailment."
formal_seed43,271,345,1006448,876799,semantics_clip_text_text,falsified,Portland Timbers fans would like very much to celebrate a win over Los Angeles Galaxy,contradiction,visible_conflict,high,"The caption claims Portland Timbers fans (green) against LA Galaxy, but the image shows a purple 'Orlando City' team lifting a trophy - the wrong club, and players rather than fans. Channel: the relation is contradiction, so the channel is visible conflict by definition."
formal_seed43,272,462,894316,894316,semantics_clip_text_text,pristine,The summer truffle is a prized find in British woodlands Graeme RobertsonGuardian,entailment,n/a,high,"The array of fungi, including a dark round truffle, depicts the claim's subject, and the general subject matches. 'British woodlands' cannot be verified from the image alone and is not held against it, so the relation label is entailment."
formal_seed43,273,480,738155,738155,semantics_clip_text_text,pristine,Kathmandu Nepal A family member lights candles during a commemorative service on the 28th International Day of the Disappeared,entailment,n/a,medium,"A person lighting rows of candles at a night vigil depicts the generic act described. Kathmandu and the occasion are location details that cannot be verified from the image alone, and there is no named subject to anchor (compare sample 330), so the relation label is entailment."
formal_seed43,274,437,1679493,1679493,semantics_clip_text_text,pristine,Tom Hadfield was trampled in Pamplona Spain on Tuesday,entailment,n/a,high,"This is a running-of-the-bulls scene with charging bulls and runners being trampled, including herders in readable 'PASTORES' shirts. The event is distinctive in itself and matches 'trampled in Pamplona', so the relation label is entailment."
formal_seed43,275,360,1515953,1515953,scene_resnet_place,pristine,The New Jersey rock legends played at the Singapore Grand Prix on 20 September,neutral,n/a,medium,"A single performer stands under stage lights. A live performance is depicted, but nothing readable ties it to the named band or the Singapore Grand Prix, so a different act would pass unnoticed (compare samples 409 and 429), and the relation label is neutral."
formal_seed43,276,347,1210859,1540969,person_sbert_text_text,falsified,Louis Smith shows off his artistic gymnastics team bronze medal at London 2012,entailment,event_provenance,high,"The readable Team GB adidas kit with the Union Jack ties the image to the British Olympic team; gymnasts celebrating with a medal are depicted, and the identity is taken as claimed. The London 2012 detail is exempt, so the relation label is entailment. Channel: same person (Louis Smith), but a different occasion - London 2012 is claimed while the image shows a training session."
formal_seed43,277,498,55302,55302,semantics_clip_text_image,pristine,England s Paul Casey reacts to his tee shot on the second hole,neutral,n/a,medium,"A single golfer is shown mid-swing, which matches the tee-shot action. But there is no readable anchor for individuals in golf, so another golfer would fit just as well (compare the tennis case, sample 307), and the relation label is neutral."
formal_seed43,278,473,546550,546550,person_sbert_text_text,pristine,Attorneygeneral Eric Holder and Republican congressman Darrell Issa failed to reach agreement at the Capitol on Tuesday,neutral,n/a,medium,"Only one official is shown at microphones at the Capitol. The two people failing to reach agreement cannot be depicted, and with only one figure shown, a matching location alone does not establish the named meeting, so the relation label is neutral."
formal_seed43,279,486,1549487,1549487,scene_resnet_place,pristine,If confirmed Belmokhtar wo nt be the first person to be taken or killed by US forces in Libya,entailment,n/a,high,"A readable 'Rewards for Justice WANTED' poster naming Mokhtar Belmokhtar directly anchors the claim's subject. Whether he was taken or killed, or the report confirmed, cannot be verified from the image alone and is not held against it, so the relation label is entailment."
formal_seed43,280,461,797032,797032,semantics_clip_text_image,pristine,Thanks to Twitter you can now snooze through the boring bits at Glastonbury,entailment,n/a,low,"Borderline case: people asleep on festival grass depict the generic act of snoozing at a festival. Glastonbury and Twitter are details that cannot be verified from the image alone, and the claim's subject is the activity itself (compare samples 330 and 480), so the relation label is entailment. Flagged as borderline."
formal_seed43,281,466,204997,204997,semantics_clip_text_text,pristine,The queen is pictured in March 1981 with Charles and Lady Diana Spencer a month after the official announcement of their engagement,neutral,n/a,medium,"This is a posed trio of real people in a period portrait. The named royals' identities are taken as claimed, but recognising faces is not allowed, and a posed group is a scene that could occur on many occasions, with no readable anchor (compare samples 304, 427 and 471), so the relation label is neutral."
formal_seed43,282,289,625915,1135710,scene_resnet_place,falsified,Nepalese police talk with a resident in Kathmandu,neutral,event_provenance,low,"Borderline case: the claimed scene of police talking with a resident is not shown; the image is children on a sofa in a courtyard that could plausibly be Kathmandu, and no uniform or text detail conflicts, so the relation label is neutral. Flagged for review. Channel: a residential scene with people, but a different city - Kathmandu claimed, a London estate shown."
formal_seed43,283,309,979276,1550469,semantics_clip_text_image,falsified,John Downey who was accused of the 1982 Hyde Park bombing walked free on Tuesday,neutral,external_knowledge,medium,"A man in a rain hood being escorted loosely matches a defendant leaving court, but nothing readable ties the image to the named person or case - any escorted defendant would fit - so the relation label is neutral. Channel: the person is substituted - the accused man is claimed, but an unrelated individual is depicted."
formal_seed43,284,442,141359,141359,semantics_clip_text_text,pristine,Anne Meara and her husband Jerry Stiller dance at the American Hot Wax premiere party,neutral,n/a,medium,"A couple dancing at a party is depicted, but a couple dancing is a scene that could occur on many occasions (compare samples 380 and 351). Their identities are only taken as claimed and there is no anchor, so the relation label is neutral."
formal_seed43,285,383,564848,564848,person_sbert_text_text,pristine,Elton John and Peyton Manning together at last,neutral,n/a,medium,"The caption claims two people appearing together, but the image shows only one performer, a musician. The pairing is not depicted, though a lone singer does not positively contradict it, so the relation label is neutral."
formal_seed43,286,312,788897,613327,semantics_clip_text_text,falsified,British Paralympian Ade Adepitan with members of the Kampala wheelchair basketball club MP Lynne Featherstone looks on,neutral,external_knowledge,low,"Borderline case: the claimed wheelchair-basketball club is not shown - there are no wheelchairs. The image is three standing people at a cycling velodrome, a different venue, but no readable detail directly conflicts, so the relation label is neutral. Flagged for review. Channel: people substituted - Adepitan and Featherstone claimed; Powell, Miliband and Brailsford depicted."
formal_seed43,287,488,397280,397280,person_sbert_text_text,pristine,Paul Rudd soars as DisneyMarvel superhero AntMan,entailment,n/a,high,"The costume depicted is the distinctive Ant-Man suit, matching the named superhero role; this is the right costume (compare sample 213, where the costume was wrong). The actor's identity is taken as claimed, so the relation label is entailment."
formal_seed43,288,373,274055,274055,person_sbert_text_text,pristine,Sergio Garcia of Spain tees off on No 2 at Muirfield,neutral,n/a,medium,"A single golfer is shown with a gallery. In golf there is no readable text to identify individual players, so a different golfer would pass unnoticed (compare samples 498 and 307), and the relation label is neutral."
formal_seed43,289,286,138421,55230,person_sbert_text_text,falsified,Speaker of the House John Boehner in shadow,neutral,event_provenance,medium,"The image is a portrait of a man with a US flag. His identity is taken as claimed, but nothing pins the photo to an occasion - being 'in shadow' is not a checkable detail, and a portrait like this could come from many occasions - so the relation label is neutral. Channel: same person (Boehner), different occasion."
formal_seed43,290,394,524743,524743,semantics_clip_text_text,pristine,Manchester City s Yaya Toure who was subjected to racial abuse by CSKA Moscow fans a fortnight ago prepares for the return fixture,entailment,n/a,high,"The readable Manchester City crest on the training top anchors the club, and a player with a Champions League ball is depicted, his identity taken as claimed. The abuse incident and the fixture cannot be verified from the image alone and are not held against it, so the relation label is entailment."
formal_seed43,291,465,328686,328686,person_sbert_text_text,pristine,President Obama makes a statement on his administration s response to the Ebola crisis before departing the White House in Washington DC,entailment,n/a,high,"The readable US presidential seal on the podium and the White House lawn anchor 'the President'; the speaking act is depicted and his identity is taken as claimed. The Ebola-statement content cannot be verified from the image alone and is not held against it (compare samples 438 and 404), so the relation label is entailment."
formal_seed43,292,377,475464,475464,semantics_clip_text_text,pristine,A Louisiana black bear a protected subspecies of the black bear is seen from its perch in a water oak tree in Marksville Louisiana in May,entailment,n/a,high,"A black bear with its tongue out is shown in a tree, which depicts the caption's general subject. The Louisiana location, the subspecies, and Marksville cannot be verified from the image alone and are not held against it, so the relation label is entailment."
formal_seed43,293,468,651753,651753,semantics_clip_text_image,pristine,Romo strikes out Cabrera and the World Series is won,entailment,n/a,high,"This is a series-clinching strikeout celebration with readable jersey numbers: pitcher 54 (Romo) and batter 24 (Cabrera). The distinctive moment plus the numbers pin down the occasion, so the relation label is entailment."
formal_seed43,294,305,97923,187862,semantics_clip_text_text,falsified,The price sign outside the Costco in Westminster Colorado shows gas selling for below 190 for the first time in years December 20 2014 REUTERSRick Wilking,contradiction,visible_conflict,high,"The readable price sign shows 3.75 and 3.83, which directly conflicts with the caption's claim of gas selling below 1.90 - the numbers disagree. Channel: the relation is contradiction, so the channel is visible conflict by definition."
formal_seed43,295,288,80026,343267,semantics_clip_text_text,falsified,Gandolfini and his wife Deborah Lin attend the premiere of HBO Films Cinema Verite in Hollywood,contradiction,visible_conflict,medium,"Borderline case: the readable press backdrop names 'Universal Music Group', a music gala, which conflicts with the claimed HBO Films Cinema Verite premiere - it is the wrong event. Flagged for review. Channel: the relation is contradiction, so the channel is visible conflict by definition."
formal_seed43,296,229,1661962,882537,semantics_clip_text_text,falsified,David Lammy wants the officer being investigated over the death of Mark Duggan to be taken off restricted duties,neutral,event_provenance,medium,"The caption is an undepictable political demand about the Mark Duggan case, while the image shows a Hillsborough '96' Liverpool floral tribute, an unrelated editorial image with no depictable scene to contradict, so the relation label is neutral. Channel: a police-accountability memorial, but for a different case (Duggan claimed, a Hillsborough tribute depicted)."
formal_seed43,297,328,522231,724642,semantics_clip_text_text,falsified,Lots of vinegar and a can of coke too please Porto s Jackson Martinez looks forward to sampling the cuisine at Arsenal,neutral,external_knowledge,medium,"The image is an athlete's portrait at a Sainsbury's athletics press conference. The quote about transfer and cuisine cannot be shown in a picture, and nothing readable ties the image to the named footballer, Porto or Arsenal, so a substitute would pass and the relation label is neutral. Channel: person and sport substituted - a footballer claimed, the athlete Mo Farah depicted."
formal_seed43,298,266,546355,1478696,semantics_clip_text_text,falsified,Zak Hardaker has enjoyed a superb season for Leeds,contradiction,visible_conflict,high,"The readable tweet text names 'Joshua Charnley', '@SaleSharksRugby' and '@WiganWarriorsRL', none of which match the claimed Zak Hardaker or Leeds. Channel: the relation is contradiction, so the channel is visible conflict by definition."
formal_seed43,299,334,242070,146552,semantics_clip_text_text,falsified,Democratic presidential nominee Hillary Clinton and Republican presidential nominee Donald Trump,neutral,external_knowledge,low,"Borderline case: the composite's two portraits appear to be one man, but deciding it is one person rather than the two nominees would need face recognition, which is barred both ways, so the relation label is neutral. Flagged: a reviewer who recognizes him may override to contradiction. Channel: people substituted - Clinton and Trump claimed, one other individual shown twice."
formal_seed43,300,433,194216,194216,person_sbert_text_text,pristine,Joel McHale left and jockey Victor Espinoza onstage,entailment,n/a,medium,"A suited man gives a piggyback to a person in readable jockey silks and helmet on stage. This one-off interaction, together with the role-specific attire, matches the two named men, so the relation label is entailment."
